,target
0,1.4183968211009734
1,1.4172769669741296
2,1.4757890559307283
3,1.3738312438728997
4,1.4099396881561168
5,1.3330491069421808
6,1.4042868466441674
7,1.3732197866746414
8,1.1342706954117896
9,1.0958871063189897
10,1.1482210515120406
11,1.031894454683548
12,1.0035647030462347
13,0.8575769597117519
14,0.8565722166566218
15,0.7728578941508724
16,0.7219885556208712
17,0.6862763961492024
18,0.6795191849066732
19,0.7128355894170173
20,0.5571112224646496
21,0.8040769675751648
22,0.8142488235631574
23,0.7067429543294473
24,0.6886172794435292
25,0.6810413037558953
26,0.7751184557417186
27,0.8931471615865194
28,0.8350291926651862
29,0.7354354362680277
30,0.7367278234261334
31,0.7548401461143605
32,0.7262406089923727
33,0.5047847450643715
34,0.4933236821550248
35,0.9744305259617003
36,0.6716678224931132
37,0.6762165324033158
38,0.7257270827570812
39,0.681648177943228
40,0.6400659029181862
41,0.6099580497413507
42,0.5783031562681851
43,0.7031640970822609
44,0.6951103360694804
45,0.6905911834749232
46,0.6539270712033123
47,0.7803611106871089
48,0.9100769869663123
49,0.8943337547785614
50,0.9346844984879377
51,0.6071392167410553
52,0.5509241172897207
53,0.5730298010594882
54,0.5772836540395286
55,0.5620903787273404
56,0.5723145961132747
57,0.31757506790270773
58,0.31038928467352384
59,0.30127468890110215
60,0.32350777954608406
61,0.3456636201236337
62,0.28967584640220334
63,0.3449755450299742
64,0.5100902153531993
65,0.03670608203706251
66,0.05034017900174038
67,0.0461514315579454
68,0.009168079112413659
69,-0.02485412860741733
70,0.0001338080645665017
71,-0.022413951000633234
72,-0.02776735807344856
73,-0.14316472118938045
74,-0.13707588836718432
75,-0.06691680822486108
76,0.02564218571288508
77,-0.18718577839086928
78,-0.388852466790607
79,-0.48601785808165826
80,-0.5239895551216918
81,-0.6258684595784701
82,-0.4939360753473481
83,-0.4981648538283442
84,-0.4850417507377917
85,-0.5070623992371643
86,-0.6386911930484969
87,-0.6259787954480582
88,-0.6305030699843194
89,-0.6061055580476248
90,-0.6243002641913121
91,-0.6266324468433185
92,-0.642234858851994
93,-0.6718186029441164
94,-0.45351496898377264
95,-0.44168933006328753
96,-0.4126819377533986
97,-0.38702283593584613
98,-0.24794527950911724
99,-0.2184155623409742
100,-0.22645463263358184
101,-0.2635850778654665
102,-0.184118879382156
103,-0.24365350862129495
104,-0.24309501458302316
105,-0.3112269456903924
106,-0.06871316094758802
107,-0.058290539142813784
108,-0.060293499827800405
109,-0.04403899031663159
110,-0.02688328476703066
111,-0.0439389680339869
112,-0.0963086806676034
113,0.03942173507742878
114,0.06817696849090171
115,0.06481781394755974
116,0.11546341268285083
117,0.11177836937199837
118,0.10031857254264738
119,0.08407177943341149
120,0.09074896544420612
121,0.11075489824117442
122,0.1092944111010816
123,0.10600761229786192
124,-0.12327756121961145
125,-0.12661111147454363
126,-0.19956341798988386
127,-0.24558060298198128
128,-0.3534919458811825
129,-0.3945257961915422
130,-0.28275022714786313
131,-0.04871813179826117
132,-0.0923170613215053
133,-0.09012894629899491
134,-0.07590969905519288
135,-0.07787467172809703
136,-0.5340752595126296
137,-0.48497901905898033
138,-0.27298645340107025
139,-0.2274465587865485
140,-0.2207454287936653
141,-0.19997022199847583
142,-0.3182187944945919
143,-0.39613911458202605
144,-0.4076582963408651
145,-0.26303984934950214
146,-0.28839324975195296
147,-0.2949852998079973
148,-0.2837214177008662
149,-0.15982342421504997
150,-0.16338206808079087
151,-0.1711389562301979
152,-0.13726804779148424
153,0.008216015069608831
154,-0.04645747118043129
155,0.06954791734463558
156,0.06449344040613333
157,0.06790217314996567
158,0.0701095819786273
159,0.06394966958240907
160,-0.0405377139022603
161,-0.31196694675265063
162,-0.23805795212194342
163,-0.22309586772146534
164,-0.21645637818054467
165,-0.19028514717055012
166,-0.13376563826670748
167,-0.21099753534229537
168,-0.48786180002456847
169,-0.4631786660820488
170,-0.4821115964845905
171,-0.545919222823643
172,-0.49440569899932074
173,-0.46016635751813806
174,-0.46009914378765937
175,-0.5690786902615355
176,-0.5747522458652634
177,-0.5431172860426663
178,-0.5410337499110957
179,-0.6800296291533477
180,-0.673860671853533
181,-0.3200457094596978
182,-0.32781661185869126
183,-0.48861112084994607
184,-0.5060727548258875
185,-0.6552527114211739
186,-0.6598696775643407
187,-0.6658248511213454
188,-0.6683420465589905
189,-0.6513764371064932
190,-0.656681744764016
191,-0.6572515447250706
192,-0.736685046783102
193,-0.705275799473857
194,-0.705245801991911
195,-0.7580511332389811
196,-0.805055024776665
197,-0.7504040548368103
198,-0.7750931733375455
199,-0.8001739396191626
200,-0.7865510529964103
201,-0.7693021424964467
202,-0.8183895363401116
203,-0.7883201431023874
204,-0.7873897627504209
205,-0.7877321843556003
206,-0.7872729673975593
207,-0.8274550499242038
208,-0.8374831752708761
209,-0.837537818432177
210,-0.8381021608808796
211,-1.3115696774957286
212,-1.3622399040972575
213,-1.388570389395867
214,-1.477872693176271
215,-1.4814047510134178
216,-1.483678343866075
217,-1.2370351785001574
218,-1.2367538238968478
219,-1.2705541767153279
220,-1.2704027278368715
221,-1.0359579678952748
222,-1.0363770532958487
223,-1.1362742836579165
224,-1.1206038685024766
225,-1.1112719679057925
226,-1.1200838219717009
227,-1.2191386916691245
228,-1.220420934711674
229,-1.219805289385612
230,-1.2414121698759573
231,-1.2667923933706606
232,-1.2670480087919875
233,-1.3444788189646804
234,-1.3480516813659675
235,-1.3175294784501141
236,-1.3199090014107757
237,-1.315804311898804
238,-1.322604384233015
239,-1.3216436370579872
240,-1.331125952098742
241,-1.3167315435238665
242,-1.3185733716475423
243,-1.314885566611954
244,-1.3144173089632405
245,-1.3006852946125331
246,-1.2966539146673233
247,-1.5507464744019437
248,-1.553856791692301
249,-1.5557915997729264
250,-1.5558036509465092
251,-1.3345828605220942
252,-1.297751763482464
253,-1.2895704805735335
254,-1.3001217898615838
255,-1.296948959510916
256,-0.40906598393457816
257,-0.2628623311841808
258,-0.22471755279044264
259,-0.13162547214738576
260,-0.11821338712704432
261,0.2148031406051807
262,0.2942415185569025
263,0.3366821167820342
264,0.3426417029526962
265,0.6793079189216154
266,0.6869345477489477
267,0.7330723586905868
268,0.7877896328002133
269,0.7809295248774776
270,0.8502565373010829
271,0.8533701812245714
272,0.87001227539386
273,0.9192815193699888
274,0.8988992779484734
275,0.9116762604061986
276,0.9928450377245914
277,0.9842834351653883
278,0.9715557989308661
279,0.9986725211799053
280,0.9970269831978763
281,0.8949579186932036
282,0.899165373808296
283,0.9134562436699543
284,1.147022206118526
285,1.2060871350364475
286,0.8101071120162514
287,0.9808960643925336
288,1.0183588875943337
289,0.9603645243679569
290,0.9548898538214079
291,0.6318450001765205
292,0.7068780311011198
293,0.6322646763895633
294,0.7116108880466604
295,0.6083139595226142
296,0.6353369082178528
297,0.5743612245745465
298,0.5475178227031535
299,0.5694948739988951
300,0.45399353921932506
301,0.4597598926382392
302,0.4006353175675705
303,0.2459963211740571
304,0.2915851259966106
305,0.2933217986962305
306,0.2611041534045995
307,0.22114550030922134
308,0.5236088434057691
309,0.515686131447694
310,0.4624332862090451
311,0.4727365876185827
312,0.5127920475432997
313,0.5284253904186763
314,0.3447948446999586
315,0.29934592744674987
316,0.2999521121505335
317,-0.01335144805260814
318,-0.06434558961320533
319,-0.09816996726104668
320,-0.08961809967093201
321,-0.1081747164931469
322,-0.25506835688118185
323,-0.2589065807350287
324,-0.37735673824166677
325,-0.6034813303641697
326,-0.6172701640191932
327,-0.6600295841996026
328,-0.6720894504030954
329,-0.7064353148127833
330,-0.7176784295929786
331,-0.7273241104928084
332,-0.7261709590448135
333,-0.7255828607936385
334,-0.8944632500069065
335,-0.8842373493981951
336,-0.8837676396628295
337,-0.6055794751269628
338,-1.0968861714903697
339,-1.0969821057530813
340,-1.0875971582911592
341,-1.1437326570387183
342,-1.2464166512241095
343,-1.2715716933754058
344,-1.2783375460887247
345,-1.280039822542566
346,-1.2712880003063205
347,-1.0748674290792173
348,-1.1574590102539386
349,-1.1517308024403088
350,-1.148052212747036
351,-1.1519189529720375
352,-1.0831251276752372
353,-0.6083185423209762
354,-0.5908246605078572
355,-0.5903318403469232
356,-0.6476086657670209
357,-0.6513489641062641
358,-0.6558833359735795
359,-0.6599005751925159
360,-0.6589978131268557
361,-0.6307718656160374
362,-0.5897494613796784
363,-0.5896661740079652
364,-0.589715676913026
365,-0.6111727586451469
366,-0.6028086979455167
367,-0.8230197356387443
368,-0.8140159772175173
369,-0.8142045270561598
370,-0.8236914537533231
371,-0.8238634830533786
372,-0.8230773596757923
373,-0.8117038692736781
374,-0.8071739828258516
375,-0.807110459131745
376,-0.8115820442688221
377,-0.9865457361486105
378,-0.9722272088265511
379,-0.9846769361729485
380,-0.9875538093775711
381,-0.9885735882453328
382,-1.0627073005720467
383,-1.7146206676863227
384,-1.7140950835296163
385,-1.716682935427866
386,-1.6902883484562554
387,-1.6913008513038974
388,-1.6903427318366142
389,-1.686287047837452
390,-0.3918105534586695
391,-0.43373149957535145
392,-0.45731583233447276
393,-0.4524822871425336
394,-0.45372920184247995
395,-0.4494302066843215
396,-0.4533655254165994
397,-0.43655196076709735
398,-0.4381923673279672
399,-0.27404555001898884
400,-0.28005895713488044
401,-0.27811801156493426
402,-0.27607760095237077
403,-0.2505527890928167
404,-0.24196330026951288
405,-0.24343833998581463
406,-0.24347786365357948
407,-0.24079774186838934
408,-0.2627195768810091
409,-0.25544508128215004
410,-0.2528899165451309
411,-0.25151985040097774
412,-0.251127518012148
413,-0.17467522093206317
414,-0.17816917493043793
415,-0.17736971152646555
416,-0.17915174024804711
417,-0.16479899751148924
418,-0.16586082017553538
419,-0.16559766274784593
420,-1.1952276850694723
421,-1.0821742646734016
422,-1.0899425629870834
423,-1.0927863572762442
424,-1.0883180239099304
425,-1.103126765650337
426,-1.0853898457206872
427,-1.058501708807222
428,-1.0688229547549783
429,-0.8121515690334417
430,-0.7795779039575615
431,-0.3705916024411658
432,-0.36968927462355217
433,-0.4151917845739422
434,-0.3154098556347259
435,-0.08887978774120064
436,-0.06847007956113453
437,0.26360998290422527
438,0.3096616325800919
439,0.30681342566711295
440,0.3733872292065832
441,0.3766188024469363
442,0.3561390643426756
443,0.28319641276744356
444,0.37318382917707177
445,0.36178362575702044
446,0.3688699897769852
447,0.3608721200514864
448,0.4635420875747988
449,0.47312245895890187
450,0.4798340229052687
451,0.44612591353799563
452,0.6415776368714
453,0.7397161098249386
454,0.7343228527457254
455,0.734852029407869
456,0.7354245661549433
457,0.7258951345434589
458,0.7599160890590801
459,0.5424259786191574
460,0.5393190254482967
461,0.22102053313182068
462,0.21339649321211096
463,0.2671178028060682
464,0.22453556172436442
465,0.0652801546549813
466,0.0842662724617771
467,-0.2962753940077102
468,-0.3231375447957791
469,-0.308253127112556
470,-0.25595292165455186
471,-0.19707812967909552
472,-0.19638601705275013
473,-0.19635917146942397
474,-0.21295529325330834
475,0.06272069488009573
476,0.7453536343223955
477,0.8960615929958609
478,0.8866013416203223
479,1.1205952508325314
480,1.1379292271658084
481,1.1374610182795308
482,1.1520210979332741
483,1.2007664076381475
484,1.2179814153504327
485,1.2197613250736405
486,1.2163070937634073
487,1.275719371692689
488,1.2226076173855092
489,1.2590002885510851
490,1.378329044535849
491,1.3832928407622862
492,1.4288242819689296
493,1.676070188232158
494,1.7376632539634884
495,2.1168141054866823
496,2.0998123579656016
497,2.234201112845607
498,2.235339404479359
499,2.2311714028951157
500,2.1666564841892018
501,2.1236909878193786
502,2.1534587463616464
503,2.1487889054503464
504,2.060517490908843
505,1.83403504647311
506,1.4749676026420513
507,1.2750400768937742
508,1.2517306211686858
509,1.0866208412278593
510,1.1469772089208066
511,1.1570630596391578
512,0.9336949268646217
513,0.8486323163650318
514,0.8458109970799041
515,0.9796220652672473
516,0.9984533534370001
517,0.9217030195785414
518,0.9059189762722515
519,0.8792626801119626
520,0.8341337314206311
521,0.8128623253099753
522,0.787354779144227
523,0.5202749980129411
524,0.5863028765168989
525,0.04133847269132033
526,0.026576422350757762
527,-0.2751815309592813
528,-0.2758127312441077
529,-0.17472141248616457
530,-0.1745482004336688
531,-0.073361456021144
532,-0.14914031298590646
533,-0.1288967271829098
534,-0.1087200605145721
535,-0.1102286778122773
536,-0.14602970732646708
537,-0.13159972396678185
538,-0.05352474786848622
539,-0.036711299967728594
540,-0.12700585273688447
541,-0.1601750927414706
542,-0.16017001372333559
543,-0.052210077830842645
544,-0.0313742824971419
545,-0.2628095492289278
546,-0.2883866447837978
547,-0.3503030350148071
548,-0.33697449300213705
549,-0.3378543774492765
550,-0.41691566789236756
551,-0.43077419056258104
552,-0.43013255179936555
553,-0.4718238138011138
554,-0.7474917926767642
555,-0.7730227823712533
556,-0.7731550868496918
557,-0.7779743742508145
558,-0.7800401408209506
559,-0.9514389946257328
560,-0.9534801620256307
561,-1.1403115173307192
562,-1.1223626874302872
563,-1.1710656423173127
564,-1.143735003517599
565,-0.3644128255459148
566,-0.3963958976510375
567,-0.34803410493586945
568,-0.392428579654715
569,-0.4023803574035592
570,-0.40313183279270476
571,-0.3559481105993605
572,-0.3691108262520838
573,-0.5433433443335706
574,-0.5892246772107989
575,-0.5897543217775747
576,-0.5905042548311863
577,-0.5752970036817875
578,-0.49292113305262075
579,-0.49176101478189865
580,-0.3763148676918173
581,-0.3829737784262234
582,-0.35539062709073826
583,-0.3894812685851357
584,-0.38871392063158566
585,-0.3803897648102357
586,-0.37188948085022344
587,-0.3660499149999843
588,-0.3539841044384961
589,-0.35279393654507785
590,-0.36095400515318365
591,-0.29497374922391845
592,-0.29918741998729437
593,-0.2957032154824715
594,-0.1728144578120011
595,-0.8261337283272246
596,0.11235830767510743
597,0.16164940247507234
598,0.18178166025752387
599,0.2283761242475423
600,0.22045952963421145
601,0.23036582923395657
602,0.23080514275335212
603,0.23141705043610686
604,0.2194185100374942
605,0.21910573071137338
606,0.22675667722740556
607,0.18599253645278715
608,0.14411027339116228
609,0.15211177763002381
610,0.17330894111706374
611,0.17357288729888373
612,0.14728728662107848
613,0.1889163864531434
614,0.19022218257316365
615,0.19026097398803848
616,0.18018873137264535
617,0.17976203945774985
618,0.17780074775236834
619,0.1684796800960635
620,0.21592666598231594
621,0.18260314986418416
622,0.18285644634778986
623,0.2741644236044368
624,0.1920914285201218
625,0.1920965612070147
626,-0.6109441475035502
627,-0.7842715562822581
628,-0.8540718687363588
629,-0.7367831312541999
630,-0.775328972743608
631,-0.6842361340855156
632,-0.6674768418060303
633,-0.6721376320815473
634,-0.6795657828917434
635,-0.6771803171102712
636,-0.7157024027266321
637,-0.6606754091492832
638,-0.6359378362754866
639,-0.6374669765788107
640,-0.7170800558306059
641,-0.7074772869529349
642,-0.7525435410087591
643,-0.7869990396318675
644,-0.7990994240313728
645,-0.7886079490316672
646,-0.7718814011113712
647,-0.7721596012938508
648,-0.7440662345322613
649,-0.7008426936792301
650,-0.32823922278972006
651,-0.32153026856322153
652,-0.3182330943098178
653,-0.44166403618432803
654,-0.4287508530245211
655,-0.4045170275263077
656,-0.5380585470379923
657,-0.5691084521753275
658,-0.5707144134815192
659,-0.6703099883566424
660,-0.6720208272747241
661,-0.7518957000501337
662,-0.7646749165689632
663,-0.7802157870107453
664,-0.7875131302108636
665,-0.7389301594069723
666,-0.618957735237982
667,-0.6494506146706922
668,-0.6654044796176183
669,-0.5473906895153458
670,-0.4579310279434009
671,-0.47732715479521015
672,-0.44780069062167926
673,-0.37340435619041384
674,-0.34917177589548676
675,-0.3395425533931931
676,-0.3703995064386607
677,-0.15386664104646622
678,-0.20923540588957423
679,-0.27929826343780184
680,-0.5641533989502875
681,-0.5881730598036646
682,-0.5471942261329382
683,-0.5481634121378179
684,-0.6322916049789552
685,-0.66678010417448
686,-0.6123316138068813
687,-0.6186869387244999
688,-0.6077497853081276
689,-0.5765978036868551
690,-0.5455469396985138
691,-0.46713999604844586
692,-0.4876266453689656
693,-0.49022165223741454
694,-0.4656136539100252
695,-0.5381304694514859
696,-0.6113423220647323
697,-0.6069244775656155
698,-0.5952313159961508
699,-0.6261708291004578
700,-0.7004896533022944
701,-0.7139642266938923
702,-0.7782177719933013
703,-0.8388408541214927
704,-0.8127995232741781
705,-0.7786362473252317
706,-0.791906785028854
707,-1.0796678286684174
708,-1.0784602235075473
709,-0.9659875399698528
710,-0.9828405271459587
711,-0.9510058672684459
712,-0.9007757922655861
713,-0.7210806001665105
714,-0.7232178140632263
715,-0.72624338489353
716,-0.7866856575657711
717,-0.7593122145529505
718,-0.7197800712056632
719,-0.6857863941538374
720,-0.5758131765969171
721,-0.6940423922666703
722,-0.688169227594388
723,-0.7048339545263247
724,-0.7124294969608292
725,-0.6185326157651232
726,-0.6085564168426968
727,-0.6087149173295904
728,-0.5588594655431602
729,-0.6428585571623749
730,-0.6316788163825359
731,-0.26719256749216985
732,-0.27448374593022407
733,-0.31575057639636406
734,-0.32806541693579144
735,4.103338065758176
736,4.459800576875846
737,4.4930223430958955
738,4.520161336848546
739,4.535559704182603
740,4.598721808096157
741,4.613302070537051
742,4.831240538439828
743,4.816942792406971
744,4.8158370261467764
745,4.833339247833528
746,4.997568727283856
747,5.011521168704085
748,5.008739778388912
749,5.006818988248229
750,5.005907068266905
751,5.00399841795587
752,5.02784914199612
753,5.126614076676766
754,5.1269955460155305
755,5.117948447350339
756,5.128163795772177
757,5.127538813964796
758,5.115165797030012
759,5.111644694138924
760,5.190954207587248
761,5.09208905538459
762,5.098232260420951
763,5.098904392822423
764,5.132884332119791
765,1.4350181543501812
766,0.9930818512925523
767,0.8299839539936659
768,0.8120655784325536
769,0.7304964363645008
770,0.7715808157191005
771,0.7806232285578174
772,0.36747770059698187
773,0.38221347637903
774,0.4408682236702786
775,0.31554237721685463
776,0.03715512600357988
777,0.05599947772447979
778,0.049959862953955256
779,0.04912936398030487
780,-0.07368947039838131
781,-0.09675096351017533
782,-0.248776827236968
783,0.02824382545746039
784,0.05252848434958075
785,0.037138405190793033
786,0.03310287693039116
787,0.03292725964250872
788,0.034448613097628464
789,0.02142149445991711
790,-0.14577880961994955
791,0.0392318562987434
792,0.06161680152419876
793,0.09089919105361538
794,0.2423307881577268
795,0.26231415352933063
796,0.274995137209673
797,0.32646535761982015
798,0.3703933452325849
799,0.41139516414239435
800,0.3087056021436469
801,0.30977366097023906
802,0.29779389421876235
803,0.27564701731531577
804,0.23538017255420404
805,0.33272694338270314
806,0.3033817873659125
807,0.25403141230754084
808,0.35004299780280146
809,0.35667417581386945
810,0.3539979378660886
811,0.3885560343381807
812,0.4165644306966371
813,-0.02015113165065546
814,-0.014333442530584226
815,-0.0003254811269153853
816,0.1657868636906221
817,0.31964710158402754
818,0.32375783912442424
819,0.3208880866667611
820,0.32839271627873756
821,0.09389470416876845
822,0.08590117352562289
823,0.062442274347078205
824,-0.2234660743902543
825,-0.2406587025167018
826,-0.10799072274209855
827,-0.19757089945491377
828,-0.29143052559152555
829,-0.37644250482652997
830,-0.3752339402164184
831,-0.4094233804440115
832,-0.4097289516385646
833,-0.4088343911549479
834,-0.4341884582672708
835,-0.5257737432169768
836,-0.5278035884120448
837,-0.46230296320419856
838,-0.578604053771064
839,-0.5345282475428845
840,-0.5355066073486252
841,-0.5971815373765113
842,-0.6589145950289451
843,-0.6601304274199088
844,-0.6954418223842416
845,-0.7220762111508554
846,-1.024463893557531
847,-1.2804249721836276
848,-1.3001359667665315
849,-1.3072164789749783
850,-1.3209529697057965
851,-1.2583287154603662
852,-1.2604110893454985
853,-1.2349363830867008
854,-1.2091553419332821
855,-1.2164048837398818
856,-1.481345934610416
857,-1.5083434701967913
858,-1.5058713858483244
859,-1.5199097532613175
860,-1.5245436765966425
861,-1.5327286308459378
862,-1.5338557454933988
863,-1.537772009162255
864,-1.5406009229769715
865,-1.5415045138427483
866,-1.4951757171548197
867,-1.6226225965924919
868,-1.6181983092426013
869,-1.7298443026837829
870,-1.7092579982176488
871,-1.6779775704709474
872,-1.014606796114277
873,-0.9992134322147923
874,-0.9923332256064632
875,-0.9981849741051841
876,-0.9877742967990977
877,-0.9614903938181064
878,-0.7170194088856441
879,-0.7151959527460081
880,-0.7203397926431653
881,-0.6677723914008366
882,-0.6790947541219396
883,-0.6639518580873789
884,-0.7002768382484101
885,-0.6907294675039743
886,-0.6950384945503463
887,-0.5827978334817717
888,-0.588020317665202
889,-0.5848216857268183
890,-0.5896322299917566
891,-0.5997813372845704
892,-0.6009635661836344
893,-0.5838883771762461
894,-0.5275883794099997
895,-0.5104964359368308
896,-0.5219439008366911
897,-0.47466715220841393
898,-0.47393832849412537
899,-0.4787192828965384
900,-0.4829166496318553
901,-0.4234723068989696
902,-0.8786661157302329
903,-0.8783841888699467
904,-0.8791253511322554
905,-0.8771029018465022
906,-0.8768145204758995
907,-0.9568349576412014
908,-1.1653700166263181
909,-1.0444459734713425
910,-0.43673391204356543
911,-0.5002665897027576
912,-0.48063238145279075
913,-0.4775322033723585
914,-0.481585084421782
915,-0.46629541978788186
916,-0.47940439101323823
917,-0.5313573213540894
918,-0.5425780605224093
919,-0.5600597570561544
920,-0.558688674848694
921,-0.5099688786586193
922,-0.5047960944013361
923,-0.537948507364954
924,-0.5626574082710358
925,-0.5700548155061765
926,-0.5644798514009695
927,-0.5854339741941867
928,-0.5114218397084461
929,-0.5032564191162923
930,-0.4866066239773635
931,-0.43160064635702033
932,-0.4397849427592437
933,-0.4418864622524675
934,-0.45505865093469544
935,-0.4544280191014516
936,-0.4667141582704274
937,-0.4665609898436844
938,-0.48928288169276224
939,-0.5643395538372616
940,-1.2402711741280585
941,-1.286056888788391
942,-1.3332966748119153
943,-1.3109100479285358
944,-1.3162672618411748
945,-1.3277822941187862
946,-1.325395356328625
947,-1.3062629043948595
948,-1.3055939405542778
949,-1.2981240792314461
950,-1.2999221327154566
951,-1.3586123720252847
952,-1.3614805772573966
953,-1.3525828549390833
954,-1.3525915488672364
955,-1.3444580160688928
956,-1.3274385231420434
957,-1.3389902988994737
958,-1.2325719090143215
959,-1.2297722205963202
960,-1.302081541443373
961,-1.4098755617563774
962,-1.4068573026756113
963,-1.405708010387302
964,-1.31274750633484
965,-1.2466940772654331
966,-1.2460510510745293
967,-1.2574782023579725
968,-1.2867635793022878
969,-1.290702069551583
970,-1.260960104759684
971,-1.2196343857233456
972,-1.2200536498678969
973,-0.8541407340253421
974,-0.8473728057756047
975,-0.6777040993247777
976,-0.6305762344663906
977,-0.6180564893774549
978,-0.6122318344253713
979,-0.6032829251728604
980,-0.5900362175398512
981,-0.591937623334165
982,-0.5617048640505421
983,-0.57958360684802
984,-0.533619075306859
985,-0.4634560252805576
986,-0.46337480835459455
987,-0.4575095323475944
988,-0.5463925088308585
989,-0.5425525068747817
990,-0.5209374459826221
991,-0.5131742823721003
992,-0.4897838044373677
993,-0.44304605210128206
994,-0.134033168743787
995,-0.17572863355841553
996,-0.1557101358230429
997,-0.14637838220313068
998,0.01311114788447232
999,0.12109005973373085
1000,0.10358055674319212
1001,0.08656989696205707
1002,0.16666546571236554
1003,-0.08059371144489254
1004,-0.08207435429102979
1005,-0.1878810536801957
1006,-0.13881537855193352
1007,-0.1460279676804789
1008,-0.13196440128654088
1009,-0.13506808888364308
1010,-0.12551472738601832
1011,-0.11892063185735999
1012,-0.13441393474470772
1013,-0.14055818901874348
1014,0.05819946425349095
1015,0.09569706657494921
1016,0.09632319556595512
1017,0.1086745902800742
1018,0.08107724750327654
1019,0.12835164281226014
1020,0.16001418816111176
1021,0.18955960782993997
1022,0.1581351608255282
1023,0.159981873793631
1024,-0.051410150180698895
1025,-0.04209326322632862
1026,-0.04605141884549717
1027,-0.050656832676138804
1028,-0.14831469036663777
1029,-0.28125247392322605
1030,-0.2841534726044083
1031,-0.07424581504876361
1032,-0.1909368573706778
1033,-0.10876692216400544
1034,-0.05168386025002756
1035,0.035312295115919864
1036,-0.049240626516771885
1037,-0.05557884561924661
1038,-0.06454306683352778
1039,0.07445456197249864
1040,0.3535800912506204
1041,0.45282182556101697
1042,0.5897164329945042
1043,0.5988024809329994
1044,0.644840972380244
1045,0.616474660282471
1046,0.6265507228199544
1047,0.6213686289968582
1048,0.6297428668418196
1049,0.5910438866232647
1050,1.1245580024163586
1051,1.167375314101178
1052,1.196697684420582
1053,1.1752106894480336
1054,1.0892576666438765
1055,1.0841779450308324
1056,1.1898765615342775
1057,1.3630216891298093
1058,1.3243321572607551
1059,1.324606923076841
1060,1.3566363721959065
1061,1.1809238479498934
1062,1.234864090384105
1063,1.2746455833214676
1064,1.217833203071408
1065,1.1071305185835638
1066,1.0069397399007527
1067,0.9881580525698053
1068,1.6619645361716626
1069,1.6010021176770062
1070,1.5006380284509082
1071,1.5226971167540198
1072,1.388703701661524
1073,1.3576342362961822
1074,1.2580356577923109
1075,1.2501242634908025
1076,1.25045510858737
1077,1.2981510436801058
1078,1.2867296754533577
1079,1.371270809713264
1080,0.8104197531608748
1081,0.7576268056839328
1082,0.8582593538602006
1083,1.1765071301993468
1084,1.1719620792278278
1085,1.2715908352764538
1086,1.1485286705591504
1087,0.9994877921740283
1088,1.0163417073399486
1089,1.1738290428681228
1090,1.1524587249335179
1091,1.1672150218832762
1092,1.1838856843415724
1093,1.1285305479528571
1094,1.1123859568093246
1095,1.1203197707779198
1096,1.123177124259409
1097,1.143321330768282
1098,0.4200433673259331
1099,0.4397737757416977
1100,0.3957320373501363
1101,0.3917815073481824
1102,0.4346038819393078
1103,0.5494188764164546
1104,0.5417547939127918
1105,0.5533076055962248
1106,0.564365863910832
1107,0.48318589911312043
1108,0.47735605659529184
1109,0.30762235279460737
1110,0.406659354324624
1111,0.38356190557518416
1112,0.324945313796313
1113,0.02094337119474357
1114,0.16095131731107565
1115,0.05646222914905382
1116,0.04077725893920644
1117,0.05890953600070769
1118,0.03489372966923968
1119,-0.22070813829324026
1120,-0.25059375662032946
1121,-0.2900448849789293
1122,-0.3127508660202123
1123,-0.30531106433270977
1124,-0.30224944104541485
1125,-0.3293100164312011
1126,-0.2936971664257403
1127,-0.32221869242329393
1128,-0.3316868978665929
1129,-0.34561577116996395
1130,-0.3499317079962628
1131,-0.5255534580338682
1132,-0.4409597288375259
1133,-0.5925353270326544
1134,-0.6083873130847369
1135,-0.6100670145461659
1136,-0.6096898173455887
1137,-0.4287665357236825
1138,-0.42650577294913905
1139,-0.4231687237812999
1140,-0.46870363094598644
1141,-0.41011112623509977
1142,-0.460545089336957
1143,-0.45771630790703444
1144,-0.6665799640913079
1145,-0.2875028551035032
1146,-0.2737114635641528
1147,-0.3160910095461136
1148,-0.3161040579911398
1149,-0.10750190243276912
1150,-0.10730577569448632
1151,-0.0938279094859612
1152,-0.12499663392574843
1153,0.02632250814996925
1154,0.21062997175214804
1155,0.20939561182031025
1156,0.17849173988548753
1157,0.15794864543613463
1158,0.16157925454981908
1159,0.18901895530443075
1160,0.19705312634676517
1161,0.6626437104680497
1162,0.5431624456880775
1163,0.546629922559827
1164,0.6233305872659701
1165,0.6132382206459502
1166,0.6870784396036028
1167,0.6039041192939332
1168,1.1132263559868782
1169,1.3750596857355688
1170,1.4590075471288495
1171,1.4481439329581047
1172,1.5379090875693124
1173,1.838866903976306
1174,1.8366466893748814
1175,1.6407839298593745
1176,1.6239287562250173
1177,1.704163268615853
1178,1.7072822845319562
1179,1.586066215927162
1180,1.6517671748052358
1181,1.6508402611777873
1182,1.6672860653381139
1183,1.6577565558747316
1184,1.5499345408117007
1185,1.5589919675889714
1186,1.5496405323899547
1187,1.5564944018614277
1188,1.5589072344787853
1189,1.8747024119700184
1190,1.8590956358650566
1191,1.5901757349557786
1192,1.6179896422945566
1193,1.8232263654121617
1194,1.7974084821878802
1195,1.797683404138401
1196,1.7611845203857885
1197,1.758574279882365
1198,1.351767774005789
1199,1.1214961462533022
1200,0.9679220756523207
1201,1.270821193638235
1202,1.1726891247071816
1203,0.8904913068640847
1204,0.9151365039523125
1205,1.077644165504913
1206,1.0931864825891233
1207,1.0990038832871771
1208,1.0794260183905051
1209,1.0967171807741323
1210,1.0623533765253348
1211,1.1003010133894096
1212,1.0867864081456904
1213,1.0547021965961316
1214,0.9774011767799667
1215,0.9961302693263481
1216,1.0009963577597198
1217,0.9046896436644872
1218,0.9251267120124
1219,0.611501150925
1220,0.6056412430249888
1221,0.6112392824821339
1222,0.5814476187407449
1223,0.31718557672708164
1224,0.26230451818239564
1225,0.27623022591538354
1226,0.23388990772048096
1227,0.23742154543043134
1228,0.1455474243482129
1229,0.16516466142277236
1230,0.1893342339299499
1231,-0.04444739258518742
1232,-0.07007820152123151
1233,-0.0558040178867447
1234,-0.07259719222986678
1235,-0.36139096257771725
1236,-0.2903031412683697
1237,-0.3553361193030348
1238,-0.35613206700954425
1239,-0.4053903188925311
1240,-0.3483227960356007
1241,-0.42836007269920867
1242,-0.3463016264885891
1243,-0.3439491146475302
1244,-0.32272241143195224
1245,-0.3730618917217497
1246,-0.35727588574513275
1247,-0.30728597318606393
1248,-0.32764498568750056
1249,-0.31355105961449903
1250,-0.25218138450680894
1251,-0.23541195726918443
1252,-0.3044837961804928
1253,-0.2754348265742748
1254,-0.13846843925504373
1255,-0.17190018823247283
1256,-0.1932688725294361
1257,-0.15000410837217767
1258,-0.0990860423944982
1259,-0.15504013589813448
1260,-0.20308237247688413
1261,-0.28577483257553477
1262,-0.26751158700587885
1263,-0.29484173306874073
1264,-0.29408651641685735
1265,-0.22450788347293205
1266,-0.27664717519420046
1267,-0.2713969079844269
1268,-0.21501187049250806
1269,-0.2128699640624933
1270,-0.29277184629984077
1271,-0.24686522658389426
1272,-0.3203543889623578
1273,-0.31023279747963695
1274,-0.34941563721388647
1275,-0.38401243385770756
1276,-0.3982709307076617
1277,-0.428557351290517
1278,-0.46885153956872333
1279,0.03694541131959705
1280,-0.04624596129049685
1281,-0.051789352440959405
1282,-0.013583542612809913
1283,-0.03228541783272168
1284,-0.2096440070009005
1285,-0.198664670975379
1286,-0.11828445824789234
1287,-0.12373008108917224
1288,-0.14854337509260548
1289,-0.14424286912144313
1290,-0.19773486539085958
1291,-0.28445054257423247
1292,0.0012898221994326043
1293,0.07368816003453812
1294,0.23127981879351936
1295,0.22890378233954575
1296,0.25878627949302474
1297,0.20894768602148656
1298,0.13858660897082406
1299,0.1499747876433759
1300,0.16420135920026893
1301,0.14067892747181834
1302,0.23975716484104043
1303,0.4632902156175581
1304,0.46335359426558204
1305,0.4606006539111469
1306,0.47391134291039927
1307,0.49289953228847977
1308,0.6227266410859527
1309,0.24621511559317139
1310,0.23109459094949003
1311,0.2359668791190893
1312,0.19141330098996598
1313,0.24710273987044293
1314,0.2762764355055734
1315,0.25573888012274665
1316,0.20966850989376012
1317,0.330878544502766
1318,0.33632239134947967
1319,0.3273926900186141
1320,0.32304791414081335
1321,0.3151801934796782
1322,-0.028588260590249992
1323,-0.005305295328404323
1324,-0.05700344028960888
1325,-0.06936992189929694
1326,-0.1738966844793201
1327,-0.16297456298642118
1328,-0.052695180063133944
1329,-0.03050185806900959
1330,-0.061186942532182445
1331,-0.05456364554369717
1332,-0.1006896773769815
1333,-0.3431611536530299
1334,-0.34848732246776487
1335,-0.31797126600262926
1336,-0.3166931118783156
1337,-0.33335715177923086
1338,-0.5066501102990693
1339,-0.5477595666387896
1340,-0.5238901466711569
1341,-0.39076485588500137
1342,-0.3872475058639808
1343,-0.4127739973398277
1344,-0.4479168999217177
1345,-0.4554341044651746
1346,-0.4561095568007646
1347,-0.6513395023234226
1348,-0.6178520914105735
1349,-0.4827855772913138
1350,-0.4845455892690648
1351,-0.41644015962934616
1352,-0.42991496916877786
1353,-0.5206896056589946
1354,-0.5309484525718255
1355,-0.473339013789277
1356,-0.4489591703273295
1357,-0.5081560841208949
1358,-0.5367818176594659
1359,-0.24985196114662858
1360,-0.2901585073663819
1361,-0.23710175068742753
1362,-0.23305499423557363
1363,-0.22945502165722895
1364,-0.2285908461528075
1365,-0.28420721591100206
1366,-0.20126567407573615
1367,0.008184129881864158
1368,0.013022521477915577
1369,0.030280472253814646
1370,-0.00878963645117114
1371,-0.19308284261084366
1372,-0.10874524468171727
1373,-0.12274197980259455
1374,-0.01719387342268444
1375,-0.001283646364626414
1376,0.10817808306493967
1377,0.14698573600485393
1378,0.14702834055767874
1379,0.08038274720378723
1380,0.09278027630660088
1381,0.02523173919140732
1382,0.0016709459617462999
1383,-0.03541321590692662
1384,0.03709849053478705
1385,-0.004997784769572555
1386,0.05159864817985599
1387,0.05173525775554996
1388,0.010155312611996216
1389,-0.2622129984626928
1390,-0.27772576190344517
1391,-0.2377665297279871
1392,-0.23687947854471098
1393,-0.22331408305059977
1394,-0.22173803534056927
1395,-0.17045845029251736
1396,-0.25041047767053665
1397,-0.5119410802061422
1398,-0.5089593184235848
1399,-0.4343054966470688
1400,-0.436440861396192
1401,-0.40177689164653785
1402,-0.5172052638637707
1403,-0.514951534840594
1404,-0.6259670048002304
1405,-0.6099582962262442
1406,-0.7608370267057127
1407,-0.791066764402345
1408,-0.7896836467950621
1409,-0.8114373371579425
1410,-0.8526560381278374
1411,-0.8535019918332176
1412,-0.8511448944410523
1413,-0.8466139458566783
1414,-0.9369636175485084
1415,-0.4653087876119681
1416,-0.5645833662941633
1417,-0.4872419144743792
1418,-0.4673422759015475
1419,-0.4663592321454883
1420,-0.46799473879276904
1421,-0.5775403703527929
1422,-0.5662166147751294
1423,-0.5698487957504001
1424,-0.5764939116542065
1425,-0.6204303574174724
1426,-0.6135126798134513
1427,-0.5489757026127743
1428,-0.5362893548461519
1429,-0.1489494094795839
1430,-0.15035846502203395
1431,-0.17400464157307746
1432,-0.1366800710784071
1433,-0.13664186857776925
1434,-0.1358218444665795
1435,-0.13426297172260873
1436,-0.13713190194212757
1437,-0.16901486121113443
1438,-0.17386637726304796
1439,-0.16882934125604307
1440,-0.09607397079927467
1441,-0.10286682468685414
1442,0.10472048521805412
1443,0.10212843307802116
1444,0.08596411248184484
1445,-0.26551396282781875
1446,-0.27084729919442646
1447,-0.27178373757321134
1448,-0.2486796807830578
1449,-0.2229005805430688
1450,-0.20770980865338326
1451,-0.20902866350623434
1452,-0.16539412312569818
1453,0.39102427785735444
1454,0.4033305072525511
1455,0.40824652851026755
1456,0.44688671758223303
1457,0.56977450074337
1458,0.5679807395573081
1459,0.25074923272512034
1460,0.2528529803646288
1461,0.2462690021425445
1462,0.4040538200154304
1463,0.5011891644741518
1464,0.5025979816798597
1465,0.49677219753586416
1466,0.4977393435685339
1467,0.5709914851961589
1468,0.5725201287473595
1469,0.6276700101590182
1470,0.5660462996071549
1471,0.5752236510601539
1472,0.4038624895835379
1473,0.41371999004257987
1474,0.4151162089511547
1475,0.3837954560089537
1476,0.33794865482267833
1477,0.3281260952574493
1478,0.2996946307864269
1479,0.2839276177516265
1480,0.33508764415869197
1481,0.332898555811791
1482,0.2763610818895555
1483,-0.2738392967956296
1484,-0.25426110828450593
1485,-0.2518341075003715
1486,-0.2925063647601139
1487,-0.5766419607593036
1488,-0.5765106243171063
1489,-0.5805556938840992
1490,-0.45542882169339566
1491,-0.46462319091899124
1492,-0.6820358667247617
1493,-0.866572820249722
1494,-0.8734424273265016
1495,-0.6680335486199868
1496,-0.6967756151122372
1497,-0.7715927951506141
1498,-0.7333736283490973
1499,-0.8206317952398727
1500,-0.8208295703168413
1501,-0.829914009678112
1502,-0.7954270843621991
1503,-0.8043443090918716
1504,-0.8058181772492092
1505,-0.8384210154928108
1506,-0.8338579019808627
1507,-0.8735972335457058
1508,-0.878900776540167
1509,-0.8433104587674933
1510,-0.8534325149928724
1511,-0.8000705680552651
1512,-0.7907612395392286
1513,-0.7658838095140074
1514,-0.7839441713626775
1515,-0.7714168065128674
1516,-0.7696767330969047
1517,-0.7772006434509282
1518,-0.6352112345141866
1519,-0.40876266801745814
1520,-0.4898641957012235
1521,-0.4933350160453635
1522,-0.46337424501311525
1523,-0.006718650761614284
1524,0.04992482276038296
1525,0.04746417107385025
1526,0.030587520245005283
1527,-0.002415326778018633
1528,0.030934576680672333
1529,0.09084345124536966
1530,0.13608949295089162
1531,0.1591003940447737
1532,0.18584293958226888
1533,0.2912964596707826
1534,0.3102743828583992
1535,0.31819493475591104
1536,0.3581226779282602
1537,0.38432194135844533
1538,0.4044250395044333
1539,0.3716549201706809
1540,0.3011745878564592
1541,0.25969006244246595
1542,0.26126471875926355
1543,0.26803467991386065
1544,0.4500535367676832
1545,0.42984377756621245
1546,0.5189479454701088
1547,0.5377593032960126
1548,0.4490738032171712
1549,0.2965777092773926
1550,0.296529187851911
1551,0.3740824694895884
1552,0.3334839114881103
1553,-0.11276556415786762
1554,-0.14629080659475724
1555,-0.24752048579183847
1556,-0.2287723319398955
1557,-0.08332550208830472
1558,0.647432329243937
1559,0.5787846264384373
1560,0.5667119963652106
1561,0.7560349461356289
1562,0.7076967475113907
1563,0.6899552256093243
1564,0.9011855753765116
1565,0.8947022396378947
1566,0.8634242459574613
1567,0.8587176372916234
1568,0.9439206571178086
1569,0.949717961735905
1570,0.9618046364490628
1571,0.9625645734991422
1572,0.9482562641514709
1573,0.9337486246157944
1574,0.7429981223546287
1575,0.7362283554164114
1576,0.6814597523221279
1577,0.6516721382024787
1578,0.6575113087308724
1579,0.7418071371657847
1580,0.738713125880075
1581,0.6700593361135834
1582,0.7725749327083073
