,date,close,volume,trend,fg_index,cluster,log_return,hl_spread,momentum_3,vol_change
0,2023-11-17,36613.92,38283.61112,44,63.0,7,0.0123778965726653,938.9000000000016,1062.729999999996,-9206.78454
1,2023-11-18,36568.1,17102.24186,34,69.0,3,-0.0012522203127861,666.9099999999962,-1290.0999999999983,-21181.369260000003
2,2023-11-19,37359.86,21246.34648,34,66.0,3,0.0214205903732043,1115.9800000000032,1196.3499999999983,4144.104620000002
3,2023-11-20,37448.78,36022.70291,46,69.0,7,0.0023772666332884,1073.0,834.8600000000006,14776.35643
4,2023-11-21,35741.65,47646.54804,46,71.0,7,-0.0466574572380058,1914.4400000000023,-826.4499999999971,11623.845130000002
5,2023-11-22,37408.34,45051.30697,49,62.0,7,0.0455769987877179,2229.0899999999965,48.479999999995925,-2595.241070000004
6,2023-11-23,37294.28,23827.92882,39,66.0,7,-0.0030537105294436,783.4400000000023,-154.5,-21223.37815
7,2023-11-24,37713.57,44680.80646,44,66.0,7,0.0111800129543677,1162.489999999998,1971.9199999999985,20852.87764
8,2023-11-25,37780.67,11396.14464,38,73.0,7,0.0017776195288349,296.90000000000146,372.33000000000175,-33284.66182
9,2023-11-26,37447.43,21264.53723,38,73.0,7,-0.0088595133917138,664.6299999999974,153.15000000000146,9868.39259
10,2023-11-27,37242.7,30001.07376,40,66.0,7,-0.0054821303093678,862.2300000000032,-470.8700000000026,8736.536529999998
11,2023-11-28,37818.87,37544.46667,44,68.0,7,0.0153522319467537,1508.5899999999965,38.200000000004366,7543.392910000002
12,2023-11-29,37854.64,32994.19107,44,72.0,7,0.0009453771250752,880.0,407.2099999999991,-4550.275600000001
13,2023-11-30,37723.96,24740.29147,42,74.0,7,-0.0034581251896556,645.8499999999985,481.2600000000021,-8253.8996
14,2023-12-01,38682.52,43415.66324,45,71.0,7,0.0250923820630897,1383.1399999999994,863.6499999999942,18675.37177
15,2023-12-02,39450.35,26696.92161,46,74.0,7,0.0196551008311664,1075.5299999999988,1595.7099999999991,-16718.74163
16,2023-12-03,39972.26,26710.65335,49,73.0,7,0.0131427942891877,975.1399999999994,2248.300000000003,13.731739999999265
17,2023-12-04,41991.1,79272.33059,91,74.0,7,0.0492719775349014,2447.739999999998,3308.5800000000017,52561.67724
18,2023-12-05,44073.32,67490.74644,90,75.0,7,0.0483969196447064,3074.0,4622.970000000001,-11781.584149999995
19,2023-12-06,43762.69,51431.10492,87,72.0,7,-0.0070729828231434,961.9300000000004,3790.43,-16059.641520000005
20,2023-12-07,43273.14,47103.26845,67,72.0,7,-0.0112495086853494,1226.2300000000032,1282.0400000000009,-4327.836469999995
21,2023-12-08,44170.99,42900.37556,63,72.0,7,0.0205361195573296,1618.9000000000017,97.66999999999824,-4202.892890000003
22,2023-12-09,43713.6,24925.97008,57,73.0,7,-0.0104089722604937,773.5099999999948,-49.09000000000378,-17974.40548
23,2023-12-10,43789.51,18956.61758,49,74.0,7,0.0017350244818206,486.0,516.3700000000026,-5969.352500000001
24,2023-12-11,41253.4,76663.89804,69,74.0,7,-0.0596607573549242,3582.5,-2917.5899999999965,57707.28046
25,2023-12-12,41492.39,42722.69773,55,67.0,7,0.0057765033012788,1424.1200000000026,-2221.209999999999,-33941.20031
26,2023-12-13,42869.03,45865.99773,56,65.0,7,0.0326396168808299,2920.199999999997,-920.4800000000032,3143.300000000003
27,2023-12-14,43022.26,42047.05709,58,72.0,7,0.0035680023564587,2020.0,1768.8600000000006,-3818.9406400000007
28,2023-12-15,41940.3,33421.7932,50,70.0,7,-0.0254704776409772,1414.8099999999977,447.9100000000035,-8625.263890000002
29,2023-12-16,42278.03,24118.85747,43,67.0,7,0.0080203872581405,1119.4300000000003,-591.0,-9302.93573
30,2023-12-17,41374.65,27722.11452,42,73.0,7,-0.0215991913352078,1172.0699999999997,-1647.6100000000006,3603.25705
31,2023-12-18,42657.8,46734.0925,48,65.0,7,0.0305417667085518,2214.8799999999974,717.5,19011.97798
32,2023-12-19,42275.99,40927.86444,50,73.0,7,-0.008990828549252,1685.9000000000017,-2.040000000000873,-5806.228060000001
33,2023-12-20,43668.93,48710.2947,58,74.0,7,0.0324175526446297,2077.0,2294.279999999999,7782.430260000001
34,2023-12-21,43861.8,34624.29384,56,70.0,7,0.0044069165684448,955.6299999999974,1204.0,-14086.00086
35,2023-12-22,43969.04,32783.19638,56,74.0,7,0.0024419680670525,985.7200000000012,1693.050000000003,-1841.0974599999968
36,2023-12-23,43702.16,16557.1293,47,70.0,7,-0.0060882210887275,697.5800000000017,33.2300000000032,-16226.06708
37,2023-12-24,42991.5,25144.33496,42,71.0,7,-0.0163951070628506,1446.0,-870.3000000000029,8587.20566
38,2023-12-25,43576.13,27021.23992,43,73.0,7,0.0135071016356846,1081.8899999999994,-392.9100000000035,1876.90496
39,2023-12-26,42508.93,41010.04282,54,71.0,7,-0.0247953518646705,1955.0800000000015,-1193.2300000000032,13988.802900000002
40,2023-12-27,43428.85,36191.21136,54,73.0,7,0.021409795298211,1578.3099999999977,437.34999999999854,-4818.831460000001
41,2023-12-28,42563.76,35150.52485,53,73.0,7,-0.0201207798082353,1545.7799999999988,-1012.3699999999952,-1040.6865099999995
42,2023-12-29,42066.95,42597.18912,50,65.0,7,-0.0117407902387348,1811.0,-441.9800000000032,7446.664270000001
43,2023-12-30,42140.28,22906.57818,41,68.0,7,0.0017416561151908,1092.0199999999968,-1288.5699999999997,-19690.61094
44,2023-12-31,42283.58,23585.91603,37,67.0,3,0.0033947781497301,933.1600000000036,-280.1800000000003,679.3378499999999
45,2024-01-01,44179.55,27174.29903,22,65.0,3,0.0438631813137809,2003.3300000000015,2112.600000000006,3588.382999999998
46,2024-01-02,44946.91,65146.40661,38,71.0,7,0.0172200031711351,1731.2900000000009,2806.6300000000047,37972.10758
47,2024-01-03,42845.23,81194.55173,38,70.0,7,-0.0478876952125601,4750.0,561.6500000000015,16048.145120000008
48,2024-01-04,44151.1,48038.06334,32,68.0,3,0.0300235215075549,2115.810000000005,-28.45000000000437,-33156.488390000006
49,2024-01-05,44145.11,48075.25327,31,72.0,3,-0.0001356796630157,1907.4599999999991,-801.8000000000029,37.18993000000046
50,2024-01-06,43968.32,17835.06144,25,70.0,3,-0.0040127875450878,817.3699999999953,1123.0899999999965,-30240.19183
51,2024-01-07,43929.02,23023.8508,23,71.0,3,-0.0008942250725407,908.5,-222.08000000000172,5188.789359999999
52,2024-01-08,46951.04,72814.57589,42,71.0,7,0.066530207112407,4073.989999999998,2805.9300000000003,49790.72508999999
53,2024-01-09,46110.0,69927.66617,48,76.0,7,-0.0180755104150301,3223.3300000000017,2141.6800000000003,-2886.909719999996
54,2024-01-10,46653.99,89911.41203,77,73.0,7,0.0117286079638338,3395.57,2724.970000000001,19983.74586000001
55,2024-01-11,46339.16,87470.3296,80,76.0,7,-0.0067710622307292,3363.420000000005,-611.8799999999974,-2441.082430000009
56,2024-01-12,42782.73,86327.93707,48,71.0,7,-0.0798528754667809,5015.529999999999,-3327.269999999997,-1142.3925299999974
57,2024-01-13,42847.99,36118.47464,34,64.0,3,0.0015242196406752,820.8799999999974,-3806.0,-50209.46243
58,2024-01-14,41732.35,28228.40894,25,60.0,3,-0.0263821287056394,1359.0,-4606.810000000005,-7890.065699999999
59,2024-01-15,42511.1,40269.89303,28,52.0,3,0.0184886108803488,1682.3799999999974,-271.63000000000466,12041.484089999998
60,2024-01-16,43137.95,45045.74589,27,64.0,3,0.0146379018282994,1528.010000000002,289.9599999999991,4775.852859999999
61,2024-01-17,42776.1,33266.21388,27,60.0,3,-0.0084235847254326,997.3099999999976,1043.75,-11779.532009999995
62,2024-01-18,41327.5,43907.51641,27,63.0,3,-0.0344513974581589,2246.720000000001,-1183.5999999999983,10641.302529999994
63,2024-01-19,41659.03,48342.74559,26,51.0,3,0.0079900138913296,1916.8600000000008,-1478.9199999999985,4435.229180000002
64,2024-01-20,41696.04,15923.99493,21,52.0,3,0.0008880084302503,416.2599999999948,-1080.0599999999977,-32418.75066
65,2024-01-21,41580.33,11730.16301,18,56.0,3,-0.0027789413603004,380.4099999999962,252.83000000000172,-4193.8319200000005
66,2024-01-22,39568.02,55426.19911,26,55.0,3,-0.0496060026684201,2258.07,-2091.010000000002,43696.0361
67,2024-01-23,39897.6,57956.63351,28,50.0,3,0.0082949554728822,1621.739999999998,-1798.4400000000023,2530.4343999999983
68,2024-01-24,40084.88,39293.82861,25,48.0,3,0.0046830341411442,1070.8099999999977,-1495.4500000000044,-18662.804900000003
69,2024-01-25,39961.09,31022.11853,21,52.0,3,-0.0030929751663039,750.239999999998,393.0699999999997,-8271.710079999997
70,2024-01-26,41823.51,47384.96726,23,49.0,3,0.0455523909262842,2424.300000000003,1925.9100000000035,16362.848729999998
71,2024-01-27,42120.63,16224.41667,17,55.0,3,0.0070790228069771,805.6600000000035,2035.75,-31160.55059
72,2024-01-28,42031.06,27294.99838,16,54.0,3,-0.0021287756389742,1221.8700000000026,2069.970000000001,11070.58171
73,2024-01-29,43302.7,31542.74207,21,55.0,3,0.0298061199427104,1528.1200000000026,1479.189999999995,4247.743689999999
74,2024-01-30,42941.1,37619.24546,22,61.0,3,-0.0083855794598922,1198.3700000000026,820.4700000000012,6076.503389999998
75,2024-01-31,42580.0,39871.13688,20,60.0,3,-0.0084447497973837,1468.270000000004,548.9400000000023,2251.89142
76,2024-02-01,43082.94,35231.04664,18,63.0,3,0.0117424356196099,1400.8499999999983,-219.7599999999948,-4640.090239999998
77,2024-02-02,43200.0,29672.14418,18,63.0,3,0.0027134001651212,941.2099999999992,258.90000000000146,-5558.902460000001
78,2024-02-03,43011.09,12033.40998,16,60.0,3,-0.0043825058320451,500.0100000000021,431.0899999999965,-17638.7342
79,2024-02-04,42582.88,17066.89404,16,60.0,3,-0.0100056948515458,897.0400000000009,-500.06000000000495,5033.484059999999
80,2024-02-05,42708.7,29467.75905,17,60.0,3,0.0029503519870888,1311.6600000000035,-491.3000000000029,12400.86501
81,2024-02-06,43098.95,24675.85433,17,64.0,3,0.0090959883104264,825.9800000000032,87.86000000000058,-4791.904720000002
82,2024-02-07,44349.6,34392.59915,18,62.0,3,0.0286050546851993,1608.5,1766.7200000000012,9716.744820000004
83,2024-02-08,45288.65,45439.62231,23,66.0,3,0.0209527596700549,1283.2000000000044,2579.9500000000044,11047.023159999995
84,2024-02-09,47132.77,73503.481,26,72.0,3,0.0399120635942179,2957.8799999999974,4033.82,28063.85869
85,2024-02-10,47751.09,24802.35936,23,74.0,3,0.0130333810778715,1370.0,3401.489999999998,-48701.12164
86,2024-02-11,48299.99,29958.80837,23,71.0,3,0.011429459727835,1035.5,3011.3399999999965,5156.44901
87,2024-02-12,49917.27,59009.96705,32,70.0,3,0.0329356814465882,2624.8099999999977,2784.5,29051.15868
88,2024-02-13,49699.59,55551.56706,34,79.0,3,-0.0043703514941825,2067.6600000000035,1948.5,-3458.399989999998
89,2024-02-14,51795.17,57046.37401,37,74.0,3,0.0413002181031989,2818.699999999997,3495.1800000000003,1494.8069499999983
90,2024-02-15,51880.0,53816.03055,38,72.0,3,0.0016364577734705,1502.6200000000026,1962.7300000000032,-3230.3434599999964
91,2024-02-16,52124.11,37772.25318,31,72.0,3,0.0046942461844267,1006.0800000000016,2424.520000000004,-16043.777370000003
92,2024-02-17,51642.64,25674.00622,25,76.0,3,-0.0092799178006313,1537.8199999999997,-152.52999999999884,-12098.24696
93,2024-02-18,52137.67,21992.10363,24,72.0,3,0.0095400322946761,1213.7200000000012,257.66999999999825,-3681.902589999998
94,2024-02-19,51774.73,29534.99432,27,75.0,3,-0.0069855277307065,811.7699999999968,-349.3799999999974,7542.89069
95,2024-02-20,52258.82,49614.47318,28,72.0,3,0.0093064880309006,2224.6299999999974,616.1800000000003,20079.47886
96,2024-02-21,51849.39,43079.40049,26,78.0,3,-0.0078655105264593,1741.800000000003,-288.27999999999884,-6535.072690000001
97,2024-02-22,51288.42,35309.44574,25,74.0,3,-0.010878174198953,1125.0,-486.31000000000495,-7769.954749999997
98,2024-02-23,50744.15,30545.79544,23,76.0,3,-0.010668655359765,1027.5400000000009,-1514.6699999999985,-4763.650300000001
99,2024-02-24,51568.22,16560.4211,20,72.0,3,0.0161092509338547,1113.0,-281.16999999999825,-13985.374340000002
100,2024-02-25,51728.85,18721.63159,22,74.0,3,0.0031100616788884,678.75,440.4300000000003,2161.2104900000013
101,2024-02-26,54476.47,51256.72199,31,72.0,3,0.0517532123675628,4008.5599999999977,3732.32,32535.0904
102,2024-02-27,57037.34,67194.98562,51,79.0,7,0.0459372757555132,3138.020000000004,5469.119999999995,15938.263630000009
103,2024-02-28,62432.1,118763.46984,84,82.0,7,0.0903734251045635,7308.1500000000015,10703.25,51568.48422
104,2024-02-29,61130.98,78425.07603,72,80.0,7,-0.0210607908615077,3311.650000000001,6654.510000000002,-40338.39381000001
105,2024-03-01,62387.9,47737.93473,50,80.0,7,0.0203525709953411,2337.230000000003,5350.560000000005,-30687.1413
106,2024-03-02,61987.28,25534.73659,42,80.0,7,-0.0064421436096346,872.0699999999997,-444.8199999999997,-22203.19814
107,2024-03-03,63113.97,28994.90903,39,83.0,3,0.018012936948412,1911.8799999999972,1982.989999999998,3460.1724399999985
108,2024-03-04,68245.71,84835.16005,80,82.0,7,0.0781724352918946,6199.0,5857.810000000005,55840.25102000001
109,2024-03-05,63724.01,132696.7813,100,90.0,7,-0.0685531603092363,9995.0,1736.7300000000032,47861.62125
110,2024-03-06,66074.04,78738.85491,64,75.0,7,0.0362145168030425,4861.960000000006,2960.0699999999924,-53957.92639000001
111,2024-03-07,66823.17,53059.8869,53,82.0,7,0.0112739452488642,2429.0,-1422.540000000008,-25678.96801
112,2024-03-08,68124.19,74261.932842,56,81.0,7,0.0192824863151763,3907.339999999997,4400.18,21202.045942
113,2024-03-09,68313.27,19872.89743,44,84.0,7,0.0027716745979517,680.0,2239.2300000000105,-54389.035412
114,2024-03-10,68955.88,38404.66835,45,79.0,7,0.0093628421886472,1792.8600000000006,2132.7100000000064,18531.77092
115,2024-03-11,72078.1,75292.825726,73,82.0,7,0.0442833735611532,5775.039999999994,3953.910000000004,36888.157376
116,2024-03-12,71452.01,68783.546691,64,81.0,7,-0.0087242178114949,4379.179999999993,3138.7399999999907,-6509.279035
117,2024-03-13,73072.41,52659.711647,61,81.0,7,0.0224248317904923,2316.9400000000023,4116.529999999999,-16123.835044
118,2024-03-14,71388.94,71757.628746,53,88.0,7,-0.023307911945009,5222.0,-689.1600000000035,19097.91709900001
119,2024-03-15,69499.85,103334.03546,55,83.0,7,-0.0268183610911704,6819.710000000006,-1952.159999999989,31576.406714
120,2024-03-16,65300.63,55926.95336,40,81.0,3,-0.0623229102797109,5263.0,-7771.780000000006,-47407.0821
121,2024-03-17,68393.48,49742.21589,39,79.0,3,0.0462758144323566,4371.399999999994,-2995.4600000000064,-6184.73747
122,2024-03-18,67609.99,55691.08088,43,77.0,7,-0.0115217452522204,2390.800000000003,-1889.8600000000008,5948.864990000002
123,2024-03-19,61937.4,101005.32487,49,79.0,7,-0.0876315556373349,6569.110000000001,-3363.229999999996,45314.24399
124,2024-03-20,67840.51,90420.58592,50,74.0,7,0.0910353115859427,7325.0,-552.9700000000012,-10584.73895
125,2024-03-21,65501.27,53357.48002,39,78.0,3,-0.0350899773778561,3711.459999999999,-2108.7200000000084,-37063.1059
126,2024-03-22,63796.64,51482.37821,36,75.0,3,-0.0263690073790988,4389.619999999995,1859.239999999998,-1875.10181
127,2024-03-23,63990.01,26410.11409,29,73.0,3,0.0030264530386604,2999.0,-3850.4999999999927,-25072.264120000003
128,2024-03-24,67209.99,31395.78015,30,74.0,3,0.0490949197687059,3856.4000000000015,1708.7200000000084,4985.66606
129,2024-03-25,69880.01,53431.14486,41,75.0,3,0.0389577311738261,4764.940000000002,6083.369999999995,22035.36471
130,2024-03-26,69988.0,38934.38417,39,81.0,3,0.0015441704140665,2281.100000000006,5997.989999999998,-14496.760690000005
131,2024-03-27,69469.99,49119.35685,37,83.0,3,-0.0074289380246216,3410.3600000000006,2260.0,10184.97268
132,2024-03-28,70780.6,35439.03239,38,80.0,3,0.018690091094532,2648.4400000000023,900.5900000000111,-13680.324459999996
133,2024-03-29,69850.54,25445.08353,34,79.0,3,-0.0132271353273706,1907.1600000000035,-137.4600000000064,-9993.94886
134,2024-03-30,69582.18,13644.61142,29,75.0,3,-0.0038493164497219,781.1000000000058,112.18999999998778,-11800.47211
135,2024-03-31,71280.01,19396.34433,30,75.0,3,0.0241074233791595,1803.0099999999948,499.40999999998894,5751.732910000001
136,2024-04-01,69649.8,41445.32039,37,79.0,3,-0.0231360947330178,3225.369999999996,-200.7399999999907,22048.97606
137,2024-04-02,65463.99,71799.82793,39,79.0,3,-0.0619796082519771,5124.229999999996,-4118.189999999995,30354.50754
138,2024-04-03,65963.28,39887.21778,34,71.0,3,0.0075980030930285,2410.560000000005,-5316.729999999996,-31912.61015
139,2024-04-04,68487.79,41510.48453,32,70.0,3,0.0375572576425187,4245.390000000007,-1162.0100000000093,1623.2667500000025
140,2024-04-05,67820.62,37915.23073,30,79.0,3,-0.0097892027031338,2804.1100000000006,2356.6299999999974,-3595.2537999999986
141,2024-04-06,68896.0,20134.28919,23,75.0,3,0.0157318426801832,2244.1699999999983,2932.720000000001,-17780.941540000003
142,2024-04-07,69360.39,21534.74433,28,78.0,3,0.006717834111896,1502.2899999999936,872.6000000000058,1400.4551400000018
143,2024-04-08,71620.0,45723.87624,35,76.0,3,0.0320584092764381,3754.75,3799.3800000000047,24189.13191
144,2024-04-09,69146.0,39293.90242,34,80.0,3,-0.0351541533965402,3548.1900000000023,250.0,-6429.973819999999
145,2024-04-10,70631.08,42006.02377,33,78.0,3,0.0212500630830319,3654.0800000000017,1270.6900000000023,2712.1213500000013
146,2024-04-11,70006.23,31917.25595,32,76.0,3,-0.0088860361676844,1738.679999999993,-1613.770000000004,-10088.76782
147,2024-04-12,67116.52,56072.86229,33,79.0,3,-0.0421540247116934,6140.600000000006,-2029.479999999996,24155.60634
148,2024-04-13,63924.51,71395.22019,39,72.0,3,-0.0487273574622227,7268.43,-6706.57,15322.357899999995
149,2024-04-14,65661.84,61599.17818,44,72.0,7,0.026815078915186,3706.0,-4344.389999999999,-9796.04200999999
150,2024-04-15,63419.99,52389.53069,42,74.0,7,-0.0347388233991405,4592.6700000000055,-3696.530000000006,-9209.647490000005
151,2024-04-16,63793.39,53435.29331,37,65.0,3,0.0058704685364765,2765.0,-131.12000000000262,1045.762620000001
152,2024-04-17,61277.37,50610.54509,39,67.0,3,-0.0402389732109262,4820.8399999999965,-4384.469999999994,-2824.7482200000013
153,2024-04-18,63470.08,43601.60918,41,57.0,3,0.0351580069988131,3313.739999999998,50.09000000000378,-7008.93591
154,2024-04-19,63818.01,69774.30271,58,66.0,7,0.0054668251605374,5849.989999999998,24.62000000000262,26172.693530000004
155,2024-04-20,64940.59,23137.42975,54,66.0,7,0.0174374130268211,2328.9300000000003,3663.219999999994,-46636.87296000001
156,2024-04-21,64941.15,19316.42152,34,72.0,3,8.623229100669178e-06,1458.0599999999977,1471.0699999999997,-3821.00823
157,2024-04-22,66819.32,31397.99371,37,73.0,3,0.0285107851109486,2732.350000000006,3001.310000000005,12081.57219
158,2024-04-23,66414.0,22599.90004,31,71.0,3,-0.0060843826514526,1417.199999999997,1473.4100000000035,-8798.093669999998
159,2024-04-24,64289.59,33595.69637,29,72.0,3,-0.0325101568509029,3464.369999999996,-651.560000000005,10995.796329999996
160,2024-04-25,64498.34,31341.46338,28,72.0,3,0.0032417662557915,2503.9400000000023,-2320.9800000000105,-2254.232989999997
161,2024-04-26,63770.01,27085.19346,24,70.0,3,-0.0113564698957138,1522.5299999999988,-2643.989999999998,-4256.2699200000025
162,2024-04-27,63461.98,20933.06052,21,67.0,3,-0.0048420307160186,1532.1700000000055,-827.6099999999933,-6152.13294
163,2024-04-28,63118.62,16949.20005,21,65.0,3,-0.0054251732439513,1589.0,-1379.719999999994,-3983.86047
164,2024-04-29,63866.0,28150.22947,25,67.0,3,0.011771325220062,2462.82,95.98999999999796,11201.02942
165,2024-04-30,60672.0,54947.65535,32,67.0,3,-0.051304831768252,5542.4000000000015,-2789.980000000003,26797.425880000003
166,2024-05-01,58364.97,81166.46823,36,54.0,3,-0.0387664255347442,4288.809999999998,-4753.6500000000015,26218.81288
167,2024-05-02,59060.61,47583.81961,30,43.0,3,0.0118483236441381,2713.1600000000035,-4805.389999999999,-33582.64862
168,2024-05-03,62882.01,43628.40143,28,48.0,3,0.0626959085169651,4521.68,2210.010000000002,-3955.4181800000006
169,2024-05-04,63892.04,24368.69282,23,67.0,3,0.0159346707250689,1998.9700000000007,5527.07,-19259.70861
170,2024-05-05,64012.0,18526.75029,22,69.0,3,0.0018757817997593,1823.8300000000015,4951.389999999999,-5841.94253
171,2024-05-06,63165.19,34674.91949,26,71.0,3,-0.0133172075113331,2800.0,283.1800000000003,16148.1692
172,2024-05-07,62312.08,25598.79472,25,68.0,3,-0.0135980507937309,2161.4100000000035,-1579.9599999999991,-9076.12477
173,2024-05-08,61193.03,26121.19004,22,64.0,3,-0.0181220133351202,2132.220000000001,-2818.970000000001,522.3953199999996
174,2024-05-09,63074.01,30660.8061,23,55.0,3,0.0302755046599091,2799.029999999999,-91.18000000000028,4539.61606
175,2024-05-10,60799.99,36529.34025,23,66.0,3,-0.036719174305045,3282.0099999999948,-1512.0900000000038,5868.53415
176,2024-05-11,60825.99,13374.56936,19,53.0,3,0.0004275402409262,1027.9100000000035,-367.0400000000009,-23154.77089
177,2024-05-12,61483.99,12753.13236,18,56.0,3,0.0107596509793828,1278.0,-1590.020000000004,-621.4369999999999
178,2024-05-13,62940.08,32733.41839,24,57.0,3,0.0234063469685158,2700.790000000001,2140.090000000004,19980.28603
179,2024-05-14,61577.49,29088.72041,23,66.0,3,-0.0218867810086137,1975.590000000004,751.5,-3644.697979999997
180,2024-05-15,66206.5,43559.74719,27,64.0,3,0.0724822637554475,5124.690000000002,4722.510000000002,14471.02678
181,2024-05-16,65235.21,31106.3671,27,70.0,3,-0.0147792915907175,2149.239999999998,2295.1299999999974,-12453.380090000002
182,2024-05-17,67024.0,26292.23409,24,74.0,3,0.0270514103613143,2344.82,5446.510000000002,-4814.133009999998
183,2024-05-18,66915.2,14441.25774,19,73.0,3,-0.0016246180943355,800.0099999999948,708.6999999999971,-11850.976350000004
184,2024-05-19,66274.01,18025.30409,19,72.0,3,-0.0096283318061598,1842.75,1038.7999999999956,3584.0463500000023
185,2024-05-20,71446.62,50816.7011,28,70.0,3,0.07515278314448,5455.25,4422.619999999995,32791.39701
186,2024-05-21,70148.34,49607.4336,35,76.0,3,-0.0183384547582277,2816.0599999999977,3233.1399999999994,-1209.2675000000015
187,2024-05-22,69166.62,27673.18026,29,76.0,3,-0.0140937663868154,1823.8099999999977,2892.6100000000006,-21934.25334
188,2024-05-23,67969.65,40513.17374,27,76.0,3,-0.0174570942889185,3783.959999999992,-3476.970000000001,12839.993479999996
189,2024-05-24,68549.99,28095.83664,25,74.0,3,0.0085019781146903,2649.8800000000047,-1598.3499999999913,-12417.337099999995
190,2024-05-25,69290.57,12130.39418,18,76.0,3,0.0107455617713425,1110.0,123.95000000001164,-15965.442460000002
191,2024-05-26,68507.67,11872.11797,18,75.0,3,-0.0113631120978981,1434.2200000000012,538.0200000000041,-258.27621
192,2024-05-27,69436.43,23136.92737,22,74.0,3,0.0134659479373295,2437.5599999999977,886.4399999999878,11264.809400000002
193,2024-05-28,68398.39,32622.97042,23,72.0,3,-0.0150623714003808,2313.899999999994,-892.1800000000076,9486.04305
194,2024-05-29,67652.42,23159.83149,22,72.0,3,-0.0109661600050804,1811.0299999999988,-855.25,-9463.13893
195,2024-05-30,68352.17,28478.2184,23,73.0,3,0.0102901846853451,2372.0,-1084.2599999999948,5318.386910000001
196,2024-05-31,67540.01,26690.32184,20,73.0,3,-0.0119531480022309,2374.100000000006,-858.3800000000047,-1787.896560000001
197,2024-06-01,67766.85,8837.66133,17,72.0,3,0.0033529743062472,471.5599999999977,114.43000000000757,-17852.66051
198,2024-06-02,67765.63,15426.32529,15,73.0,3,-1.800306465331948e-05,1202.5299999999988,-586.5399999999936,6588.66396
199,2024-06-03,68809.9,29633.374,24,73.0,3,0.0152924956767793,2675.520000000004,1269.8899999999994,14207.04871
200,2024-06-04,70537.84,29619.78489,25,73.0,3,0.0248016734785851,2496.12999999999,2770.9899999999907,-13.5891100000008
201,2024-06-05,71108.0,28703.18082,30,75.0,3,0.0080505446456613,1374.3399999999965,3342.369999999996,-916.6040699999976
202,2024-06-06,70799.06,21842.00449,27,78.0,3,-0.0043541242850611,1582.3600000000006,1989.1600000000035,-6861.176330000002
203,2024-06-07,69355.6,35598.45045,25,77.0,3,-0.0205988304548735,3577.020000000004,-1182.2399999999907,13756.445959999995
204,2024-06-08,69310.46,9773.82967,19,72.0,3,-0.0006510605636952,414.179999999993,-1797.5399999999936,-25824.62078
205,2024-06-09,69648.14,9890.56709,18,75.0,3,0.0048601621590837,726.8999999999942,-1150.9199999999985,116.7374200000013
206,2024-06-10,69540.0,17122.66941,23,72.0,3,-0.0015538683361776,1023.6500000000088,184.39999999999415,7232.102319999998
207,2024-06-11,67314.24,41436.01588,26,74.0,3,-0.0325303224150299,3539.0099999999948,-1996.2200000000007,24313.34647
208,2024-06-12,68263.99,37175.32356,25,72.0,3,0.0140105905794903,3094.0,-1384.1499999999942,-4260.692320000002
209,2024-06-13,66773.01,29079.55571,22,70.0,3,-0.0220834377646717,2197.520000000004,-2766.990000000005,-8095.7678499999965
210,2024-06-14,66043.99,28408.18797,22,74.0,3,-0.010977921824138,2292.240000000005,-1270.25,-671.3677400000015
211,2024-06-15,66228.25,11451.80242,16,74.0,3,0.0027860739213107,621.3799999999901,-2035.7400000000048,-16956.38555
212,2024-06-16,66676.87,9392.52223,16,71.0,3,0.0067510070922938,964.1999999999972,-96.13999999999942,-2059.2801899999995
213,2024-06-17,66504.33,27386.16851,21,71.0,3,-0.0025910578449524,2168.8099999999977,460.3399999999965,17993.64628
214,2024-06-18,65175.32,42350.10244,23,74.0,3,-0.0201861886584316,2528.229999999996,-1052.9300000000003,14963.933930000005
215,2024-06-19,64974.37,20060.79576,21,64.0,3,-0.0030879852219766,1061.5399999999936,-1702.4999999999927,-22289.30668
216,2024-06-20,64869.99,24265.29031,22,60.0,3,-0.0016077713731205,1923.7900000000009,-1634.3400000000038,4204.494549999999
217,2024-06-21,64143.56,25993.56442,21,63.0,3,-0.0112614167598417,1687.310000000005,-1031.760000000002,1728.2741099999985
218,2024-06-22,64262.01,7308.95542,15,53.0,3,0.0018449360662195,602.989999999998,-712.3600000000006,-18684.609
219,2024-06-23,63210.01,8224.45447,15,55.0,3,-0.0165059576898561,1342.6800000000003,-1659.979999999996,915.4990500000004
220,2024-06-24,60293.3,52161.35414,29,51.0,3,-0.047241688238279,4967.800000000003,-3850.2599999999943,43936.89967
221,2024-06-25,61806.01,31189.24361,24,30.0,3,0.0247796224774557,2162.9400000000023,-2456.0,-20972.11053
222,2024-06-26,60864.99,22485.66463,21,46.0,3,-0.0153424763626781,1775.8099999999977,-2345.020000000004,-8703.578980000002
223,2024-06-27,61706.47,18344.28631,20,40.0,3,0.0137306550868014,1782.5900000000038,1413.1699999999985,-4141.37832
224,2024-06-28,60427.84,24821.19255,20,47.0,3,-0.0209388617515131,2162.3099999999977,-1378.1700000000055,6476.90624
225,2024-06-29,60986.68,11509.55904,14,30.0,3,0.0092055537746166,840.2300000000032,121.69000000000231,-13311.63351
226,2024-06-30,62772.01,17326.30136,15,47.0,3,0.0288537938097445,2346.550000000003,1065.5400000000009,5816.742320000001
227,2024-07-01,62899.99,24547.10538,16,53.0,3,0.0020367312407112,1364.560000000005,2472.150000000001,7220.80402
228,2024-07-02,62135.47,18573.11875,15,51.0,3,-0.0122290033197398,1482.550000000003,1148.7900000000009,-5973.986629999999
229,2024-07-03,60208.58,32160.11127,18,50.0,3,-0.0315021343281225,2885.9400000000023,-2563.4300000000003,13586.99252
230,2024-07-04,57050.01,54568.77276,21,44.0,3,-0.0538866154831006,3727.1900000000014,-5849.979999999996,22408.66149
231,2024-07-05,56628.79,81348.24756,29,29.0,5,-0.0074107384621975,4060.07,-5506.68,26779.474800000004
232,2024-07-06,58230.13,21651.31558,19,26.0,3,0.0278854052420161,2457.0,-1978.4500000000044,-59696.93198000001
233,2024-07-07,55857.81,19118.93918,17,29.0,3,-0.0415935637799837,2725.0899999999965,-1192.2000000000044,-2532.3763999999974
234,2024-07-08,56714.62,48090.2049,22,28.0,3,0.0152226712283136,3976.57,85.83000000000175,28971.26572
235,2024-07-09,58050.0,27732.20788,19,27.0,3,0.0232726823228449,2006.550000000003,-180.12999999999738,-20357.997019999995
236,2024-07-10,57725.85,24951.73799,18,28.0,3,-0.0055996280225802,2312.209999999999,1868.0400000000009,-2780.4698900000003
237,2024-07-11,57339.89,29761.05735,19,29.0,3,-0.0067085380495201,2600.0,625.2699999999968,4809.319359999998
238,2024-07-12,57889.1,23652.4569,16,25.0,3,0.009532569171711,1984.2099999999991,-160.90000000000146,-6108.600449999998
239,2024-07-13,59204.02,15357.74519,13,25.0,3,0.0224603337463863,2093.3700000000026,1478.1699999999985,-8294.711710000001
240,2024-07-14,60797.91,21178.33907,17,33.0,3,0.0265659683913898,2226.6800000000003,3458.020000000004,5820.593880000002
241,2024-07-15,64724.14,38690.9782,24,52.0,3,0.0625788251846498,4267.699999999997,6835.040000000001,17512.639129999996
242,2024-07-16,65043.99,42530.52915,22,65.0,3,0.0049295716554446,3015.730000000003,5839.970000000001,3839.550950000005
243,2024-07-17,64087.99,29567.52954,22,69.0,3,-0.0148068273440296,2274.6300000000047,3290.0799999999945,-12962.999610000004
244,2024-07-18,63987.92,22568.7225,19,61.0,3,-0.0015626673332034,1894.82,-736.2200000000012,-6998.80704
245,2024-07-19,66660.0,35634.72739,21,60.0,3,0.0409107573354448,4085.3300000000017,1616.010000000002,13066.00489
246,2024-07-20,67139.96,14386.92434,17,74.0,3,0.0071743229020851,1375.5399999999936,3051.9700000000084,-21247.80305
247,2024-07-21,68165.34,21819.11191,19,74.0,3,0.0151568287409893,2589.6600000000035,4177.419999999998,7432.18757
248,2024-07-22,67532.01,21451.04303,22,70.0,3,-0.0093345168297836,1914.5800000000015,872.0099999999948,-368.0688799999989
249,2024-07-23,65936.01,31406.15316,20,71.0,3,-0.0239169814342164,2309.899999999994,-1203.9500000000116,9955.11013
250,2024-07-24,65376.0,23082.56277,19,69.0,3,-0.0085295076234562,1991.0099999999948,-2789.3399999999965,-8323.590390000001
251,2024-07-25,65799.95,35126.42934,21,68.0,3,0.0064638598173518,2718.790000000008,-1732.0599999999977,12043.866570000002
252,2024-07-26,67907.99,24244.36023,22,68.0,3,0.031534622237758,2477.369999999996,1971.9800000000105,-10882.069110000004
253,2024-07-27,67896.5,31710.21921,30,72.0,3,-0.0001692138459844,2749.990000000005,2520.5,7465.858980000001
254,2024-07-28,68249.88,10868.69394,25,71.0,3,0.0051911889774283,1251.7699999999895,2449.930000000008,-20841.52527
255,2024-07-29,66784.69,36467.29633,26,74.0,3,-0.0217018131643439,3651.990000000005,-1123.300000000003,25598.60239
256,2024-07-30,66188.0,23132.25441,21,67.0,3,-0.0089746850278234,1697.3300000000015,-1708.5,-13335.041919999996
257,2024-07-31,64628.0,22625.43905,19,61.0,3,-0.0238514242150137,2319.240000000005,-3621.8800000000047,-506.8153600000005
258,2024-08-01,65354.02,35542.26854,20,52.0,3,0.0111711996833452,3357.779999999999,-1430.6700000000055,12916.829489999996
259,2024-08-02,61498.33,38820.42937,20,57.0,3,-0.060808933125691,4366.129999999997,-4689.669999999998,3278.1608300000007
260,2024-08-03,60697.99,28034.71567,18,37.0,3,-0.0130994361288609,2348.220000000001,-3930.010000000002,-10785.713699999997
261,2024-08-04,58161.0,31616.52003,20,34.0,3,-0.042695556818197,3994.8600000000006,-7193.019999999997,3581.8043599999983
262,2024-08-05,54018.81,162065.59186,65,26.0,5,-0.0738827077815432,9305.589999999997,-7479.520000000004,130449.07183
263,2024-08-06,56022.01,55884.77676,33,17.0,5,0.036412329987494,3090.989999999998,-4675.979999999996,-106180.81509999998
264,2024-08-07,55134.16,44269.37684,25,29.0,3,-0.0159751614680071,3177.4300000000003,-3026.8399999999965,-11615.399920000003
265,2024-08-08,61685.99,48349.52949,24,20.0,5,0.1122873509141612,8015.139999999999,7667.18,4080.152650000004
266,2024-08-09,60837.99,30972.48017,22,48.0,3,-0.0138424093072877,2209.3700000000026,4815.979999999996,-17377.049320000002
267,2024-08-10,60923.51,9995.20621,16,40.0,3,0.0014047135434843,1228.5800000000015,5789.349999999999,-20977.27396
268,2024-08-11,58712.59,19189.84512,17,39.0,3,-0.0369649586682071,3571.269999999997,-2973.400000000001,9194.63891
269,2024-08-12,59346.64,37009.91743,20,25.0,3,0.0107413218969405,3068.8799999999974,-1491.3499999999983,17820.07231
270,2024-08-13,60587.15,27858.95851,19,31.0,3,0.020687318243458,3185.220000000001,-336.3600000000006,-9150.95892
271,2024-08-14,58683.39,28422.76326,20,30.0,3,-0.0319261018184248,3366.82,-29.19999999999709,563.8047499999993
272,2024-08-15,57541.06,37686.17622,20,29.0,3,-0.0196579426462018,3770.839999999997,-1805.5800000000015,9263.41296
273,2024-08-16,58874.6,27610.84344,18,27.0,3,0.0229109783372539,2719.1399999999994,-1712.550000000003,-10075.33278
274,2024-08-17,59491.99,7721.72931,13,25.0,3,0.0104319233822097,914.9499999999972,808.5999999999985,-19889.11413
275,2024-08-18,58427.35,13634.85717,14,31.0,3,-0.0180575795170035,1876.07,886.2900000000009,5913.12786
276,2024-08-19,59438.5,22809.31251,17,28.0,3,0.0171580624359473,1830.3299999999945,563.9000000000015,9174.45534
277,2024-08-20,59013.8,31477.44548,19,30.0,3,-0.0071708496985934,2851.769999999997,-478.1899999999951,8668.132969999999
278,2024-08-21,61156.03,27983.6422,17,26.0,3,0.0356571523861472,3037.459999999999,2728.6800000000003,-3493.80328
279,2024-08-22,60375.84,21241.20588,17,39.0,3,-0.0128394423275779,1675.1299999999974,937.3399999999964,-6742.436319999997
280,2024-08-23,64037.24,38118.07089,19,34.0,3,0.058875764216626,4612.860000000001,5023.439999999995,16876.86501
281,2024-08-24,64157.01,15857.15616,17,56.0,3,0.0018685710918962,963.5,3000.980000000003,-22260.914730000004
282,2024-08-25,64220.0,12305.47977,16,54.0,3,0.0009813284334161,1226.7300000000032,3844.160000000004,-3551.6763900000005
283,2024-08-26,62834.0,19470.05276,17,55.0,3,-0.021818360418123,1681.0,-1203.239999999998,7164.572989999999
284,2024-08-27,59415.0,35135.94178,18,48.0,3,-0.0559496085012552,5177.989999999998,-4742.010000000002,15665.889020000002
285,2024-08-28,59034.9,36868.54275,18,30.0,3,-0.0064179252947433,2374.980000000003,-5185.099999999999,1732.6009699999995
286,2024-08-29,59359.01,27020.90743,16,29.0,3,0.0054751263752269,2453.900000000001,-3474.989999999998,-9847.63532
287,2024-08-30,59123.99,28519.32195,15,34.0,3,-0.0039671566087142,2242.970000000001,-291.01000000000204,1498.414520000002
288,2024-08-31,58973.99,8798.409,12,29.0,3,-0.0025402649674755,718.3799999999974,-60.91000000000349,-19720.91295
289,2024-09-01,57301.86,20705.15741,12,26.0,3,-0.0287634153194433,1875.5899999999965,-2057.150000000001,11906.74841
290,2024-09-02,59132.13,22895.01461,15,26.0,3,0.0314413475808036,2297.6900000000023,8.139999999999418,2189.8571999999986
291,2024-09-03,57487.73,22828.18447,17,26.0,3,-0.0282028977798505,2394.650000000001,-1486.2599999999948,-66.83013999999821
292,2024-09-04,57970.9,35560.82146,17,27.0,3,0.0083696267750248,2913.0,669.0400000000009,12732.63699
293,2024-09-05,56180.0,27806.91413,16,29.0,3,-0.0313803388267203,2683.4199999999983,-2952.1299999999974,-7753.907329999998
294,2024-09-06,53962.97,54447.76826,18,22.0,5,-0.0402627510802886,4458.0,-3524.760000000002,26640.85413
295,2024-09-07,54160.86,16694.04774,13,23.0,3,0.0036604367595428,1104.4599999999991,-3810.040000000001,-37753.72052
296,2024-09-08,54869.95,16274.14779,13,29.0,3,0.0130073324703566,1688.989999999998,-1310.050000000003,-419.8999500000009
297,2024-09-09,57042.0,32384.51737,17,26.0,3,0.03882199877924,3496.040000000001,3079.029999999999,16110.36958
298,2024-09-10,57635.99,23626.78126,15,33.0,3,0.0103593603630522,1657.9599999999991,3475.1299999999974,-8757.736110000002
299,2024-09-11,57338.0,33026.56757,16,37.0,3,-0.0051836187862416,2436.519999999997,2468.050000000003,9399.78631
300,2024-09-12,58132.32,31074.40631,15,31.0,3,0.0137582112804251,1264.0,1090.3199999999997,-1952.1612600000008
301,2024-09-13,60498.0,29825.23333,16,32.0,3,0.0398885151769493,2992.3799999999974,2862.010000000002,-1249.1729799999994
302,2024-09-14,59993.03,12137.90901,13,50.0,3,-0.008381917831569,1210.449999999997,2655.029999999999,-17687.32432
303,2024-09-15,59132.0,13757.92361,12,51.0,3,-0.0144561557687207,1704.75,999.6800000000004,1620.0146000000004
304,2024-09-16,58213.99,26477.5642,14,39.0,3,-0.0156465291807425,1717.3999999999942,-2284.010000000002,12719.64059
305,2024-09-17,60313.99,33116.25878,17,33.0,3,0.035438379599161,3709.989999999998,320.9599999999991,6638.694579999996
306,2024-09-18,61759.99,36087.02469,18,45.0,3,0.0236916603421471,2611.439999999995,2627.989999999998,2970.765910000002
307,2024-09-19,62947.99,34332.52608,21,49.0,3,0.0190530860779139,2295.0,4734.0,-1754.498609999995
308,2024-09-20,63201.05,25466.37794,19,54.0,3,0.0040120850615298,1783.3199999999997,2887.060000000005,-8866.148140000005
309,2024-09-21,63348.96,8375.34608,13,54.0,3,0.0023375749611005,801.9000000000015,1588.9700000000012,-17091.03186
310,2024-09-22,63578.76,14242.19892,14,52.0,3,0.0036209624041565,1642.0699999999997,630.7700000000041,5866.852840000001
311,2024-09-23,63339.99,24078.05287,16,50.0,3,-0.0037625690717466,2207.1299999999974,138.93999999999505,9835.85395
312,2024-09-24,64262.7,23185.04759,15,54.0,3,0.0144624863793905,1988.0,913.739999999998,-893.0052800000012
313,2024-09-25,63152.01,17813.11168,16,59.0,3,-0.0174346923431625,1870.909999999996,-426.75,-5371.9359099999965
314,2024-09-26,65173.99,28373.30593,17,50.0,3,0.0315157856913509,3169.0,1834.0,10560.194249999997
315,2024-09-27,65769.95,22048.80487,18,61.0,3,0.0091025841280016,1678.0999999999983,1507.25,-6324.501059999999
316,2024-09-28,65858.0,9127.23316,14,64.0,3,0.0013378619530761,837.7699999999968,2705.989999999998,-12921.57171
317,2024-09-29,65602.01,8337.74111,13,63.0,3,-0.0038945733164771,644.1199999999953,428.0199999999968,-789.4920499999989
318,2024-09-30,63327.59,30011.08752,16,61.0,3,-0.0352852405547545,2762.5,-2442.3600000000006,21673.34641
319,2024-10-01,60805.78,43671.48108,16,50.0,3,-0.0406362449266593,3966.629999999997,-5052.220000000001,13660.393559999997
320,2024-10-02,60649.28,31534.70118,15,42.0,3,-0.0025770863167755,2390.3099999999977,-4952.729999999996,-12136.779899999998
321,2024-10-03,60752.71,26221.43472,16,37.0,3,0.0017039263528479,1649.0800000000015,-2574.8799999999974,-5313.266459999999
322,2024-10-04,62086.0,21294.65994,15,41.0,3,0.0217088304100372,2024.949999999997,1280.2200000000012,-4926.77478
323,2024-10-05,62058.0,7807.46141,12,49.0,3,-0.0004510890655172,681.2999999999956,1408.7200000000012,-13487.19853
324,2024-10-06,62819.91,8906.86177,12,50.0,3,0.0122026298209962,1176.0299999999988,2067.2000000000044,1099.4003599999996
325,2024-10-07,62224.0,25966.1852,16,50.0,3,-0.0095312840313263,2350.1900000000023,138.0,17059.32343
326,2024-10-08,62160.49,19702.22371,14,49.0,3,-0.0010211885021863,1339.6900000000023,102.48999999999796,-6263.9614900000015
327,2024-10-09,60636.02,20011.15684,16,49.0,3,-0.0248304829764271,2242.75,-2183.8900000000067,308.93313000000126
328,2024-10-10,60326.39,23967.92481,15,39.0,3,-0.0051194528325319,2375.6800000000003,-1897.6100000000008,3956.767970000001
329,2024-10-11,62540.0,23641.35209,15,32.0,3,0.0360366989274491,3329.9199999999983,379.5100000000021,-326.5727200000001
330,2024-10-12,63206.22,10911.30116,11,49.0,3,0.0105963620019293,992.7699999999968,2570.2000000000044,-12730.05093
331,2024-10-13,62870.02,11909.21995,10,50.0,3,-0.0053332935199566,1235.7200000000012,2543.6299999999974,997.9187899999996
332,2024-10-14,66083.99,37669.95222,16,48.0,3,0.0498570882341062,4042.1900000000014,3543.990000000005,25760.73227
333,2024-10-15,67074.14,43683.95423,16,65.0,3,0.0148720660152124,3149.989999999998,3867.9199999999983,6014.002010000004
334,2024-10-16,67620.01,29938.25544,17,73.0,3,0.0081053704039833,1673.5099999999948,4749.989999999998,-13745.698790000002
335,2024-10-17,67421.78,25328.22861,14,71.0,3,-0.0029358340463448,1273.3999999999942,1337.7899999999936,-4610.0268300000025
336,2024-10-18,68428.0,28725.635,17,73.0,3,0.0148139864714204,1807.6399999999996,1353.8600000000006,3397.40639
337,2024-10-19,68378.0,8193.66737,12,72.0,3,-0.0007309621248523,683.2599999999948,757.9900000000052,-20531.96763
338,2024-10-20,69031.99,12442.47378,13,73.0,3,0.0095188848804481,1300.0,1610.2100000000064,4248.806410000001
339,2024-10-21,67377.5,31374.42184,16,72.0,3,-0.02425888605349,2678.850000000006,-1050.5,18931.94806
340,2024-10-22,67426.0,24598.96268,15,70.0,3,0.0007195659176902,1264.5899999999965,-952.0,-6775.459159999999
341,2024-10-23,66668.65,25530.2407,15,71.0,3,-0.011295872772437,2212.8300000000017,-2363.340000000011,931.278019999998
342,2024-10-24,68198.28,22589.83877,17,69.0,3,0.0226845171526348,2340.0,820.7799999999988,-2940.40193
343,2024-10-25,66698.33,34479.71125,16,72.0,3,-0.0222394294631636,3175.200000000012,-727.6699999999983,11889.872480000002
344,2024-10-26,67092.76,11842.9077,12,72.0,3,0.0058962243705628,1014.6500000000088,424.1100000000006,-22636.80355
345,2024-10-27,68021.7,8653.19592,13,74.0,3,0.0137506324185205,1418.320000000007,-176.58000000000175,-3189.71178
346,2024-10-28,69962.21,29046.75459,18,72.0,3,0.0281284672152079,2652.0,3263.8800000000047,20393.55867
347,2024-10-29,72736.42,50128.60594,32,72.0,3,0.0388869828293775,3860.1199999999953,5643.660000000004,21081.85135
348,2024-10-30,72344.74,26885.99056,23,77.0,3,-0.0053994736683439,1525.0,4323.040000000008,-23242.615380000003
349,2024-10-31,70292.01,29352.10297,20,77.0,3,-0.028784611695911,3014.240000000005,329.7999999999884,2466.112410000001
350,2024-11-01,69496.01,38301.86755,19,75.0,3,-0.0113887957455068,2812.8099999999977,-3240.4100000000035,8949.764580000003
351,2024-11-02,69374.74,10521.67243,13,72.0,3,-0.0017465165389545,914.229999999996,-2970.0,-27780.195120000004
352,2024-11-03,68775.99,24995.70243,13,74.0,3,-0.0086681228392535,1912.270000000004,-1516.0199999999895,14474.03
353,2024-11-04,67850.01,29800.39187,16,70.0,3,-0.0135551678077721,2665.0,-1646.0,4804.689439999998
354,2024-11-05,69372.01,33355.06888,18,70.0,3,0.0221839383739041,3101.279999999999,-2.7300000000104774,3554.6770099999994
355,2024-11-06,75571.99,104126.994787,57,70.0,1,0.0856022398482151,7102.0,6796.0,70771.925907
356,2024-11-07,75857.89,44869.422345,40,77.0,1,0.0037760095920657,2433.990000000005,8007.880000000005,-59257.572442
357,2024-11-08,76509.78,36521.099583,34,75.0,3,0.0085568543195202,1644.9900000000052,7137.770000000004,-8348.322761999996
358,2024-11-09,76677.46,16942.07915,26,75.0,3,0.0021892171563324,1185.3399999999965,1105.4700000000012,-19579.020433
359,2024-11-10,80370.01,61830.100435,47,78.0,1,0.0470333036943159,5008.0,4512.119999999995,44888.021285
360,2024-11-11,88647.99,82323.665776,83,76.0,1,0.0980322621791588,9314.53,12138.210000000006,20493.565340999998
361,2024-11-12,87952.01,97299.887911,82,80.0,1,-0.0078820340116355,4868.0,11274.549999999988,14976.222135000004
362,2024-11-13,90375.2,86763.854127,86,84.0,1,0.0271785686611841,7137.649999999994,10005.190000000002,-10536.033784
363,2024-11-14,87325.59,56729.51086,66,88.0,1,-0.0343263464379091,5121.789999999994,-1322.4000000000087,-30034.343267
364,2024-11-15,91032.07,47927.95068,49,80.0,1,0.0415683149748234,4776.619999999995,3080.060000000012,-8801.56018
365,2024-11-16,90586.92,22717.87689,36,86.0,1,-0.0049020302492469,1723.4900000000052,211.7200000000012,-25210.07379
366,2024-11-17,89855.99,23867.55609,32,90.0,1,-0.0081015540914193,2727.990000000005,2530.4000000000087,1149.679199999999
367,2024-11-18,90464.08,46545.03448,41,83.0,1,0.0067445881663555,3217.100000000006,-567.9900000000052,22677.478390000004
368,2024-11-19,92310.79,43660.04682,44,90.0,1,0.020208170244353,3548.5099999999948,1723.8699999999951,-2884.987659999999
369,2024-11-20,94286.56,42203.198712,48,83.0,1,0.0211776195370802,3331.970000000001,4430.569999999992,-1456.8481080000056
370,2024-11-21,98317.12,69228.360477,79,82.0,1,0.0418595170994526,4948.0,7853.039999999994,27025.161765
371,2024-11-22,98892.0,46189.309243,76,94.0,1,0.005830172847894,2465.899999999994,6581.210000000006,-23039.05123399999
372,2024-11-23,97672.4,24757.84367,54,93.0,1,-0.0124093238715747,1772.8500000000058,3385.8399999999965,-21431.465573000005
373,2024-11-24,97900.04,31200.97838,44,80.0,1,0.0023279364188929,2829.229999999996,-417.08000000000175,6443.134710000002
374,2024-11-25,93010.01,50847.45096,51,82.0,1,-0.0512398363468742,6271.610000000001,-5881.990000000005,19646.47258
375,2024-11-26,91965.16,57858.73138,48,79.0,1,-0.0112973120961308,4182.2699999999895,-5707.239999999991,7011.280419999996
376,2024-11-27,95863.11,41153.42734,47,75.0,1,0.0415114266779128,5416.070000000007,-2036.929999999993,-16705.304039999995
377,2024-11-28,95643.98,28814.54357,34,77.0,1,-0.0022884802399176,1924.0,2633.970000000001,-12338.88377
378,2024-11-29,97460.0,27701.78231,39,78.0,1,0.0188092813038051,3255.0,5494.8399999999965,-1112.761260000003
379,2024-11-30,96407.99,14503.83306,30,84.0,1,-0.0108529554161065,1371.9400000000023,544.8800000000047,-13197.949249999998
380,2024-12-01,97185.18,16938.60452,30,81.0,1,0.0080291487067369,2142.119999999996,1541.199999999997,2434.77146
381,2024-12-02,95840.62,37958.66981,41,80.0,1,-0.013931627244584,3735.0,-1619.3800000000049,21020.06529
382,2024-12-03,95849.69,35827.32283,34,76.0,1,9.463180488125696e-05,2727.350000000006,-558.3000000000029,-2131.346980000002
383,2024-12-04,98587.32,43850.53728,38,78.0,1,0.0281614176668814,4412.169999999998,1402.140000000014,8023.214449999999
384,2024-12-05,96945.63,109921.729662,100,84.0,1,-0.0167923470412215,13588.0,1105.0100000000093,66071.19238200001
385,2024-12-06,99740.84,45049.5331,62,72.0,1,0.0284249160874968,5917.270000000004,3891.149999999994,-64872.196562
386,2024-12-07,99831.99,14931.9459,42,75.0,1,0.0009134510578209,1595.179999999993,1244.6699999999985,-30117.5872
387,2024-12-08,101109.59,14612.99688,36,79.0,1,0.0127163050682054,2693.300000000003,4163.959999999992,-318.94902
388,2024-12-09,97276.47,53949.11595,41,78.0,1,-0.0386478475525823,7065.87999999999,-2464.369999999996,39336.11907
389,2024-12-10,96593.0,51708.68933,45,78.0,1,-0.0070508557281579,4013.4600000000064,-3238.990000000005,-2240.4266199999984
390,2024-12-11,101125.0,37753.78291,43,74.0,1,0.0458511005539251,6229.759999999995,15.410000000003492,-13954.90642
391,2024-12-12,100004.29,29232.08745,39,83.0,1,-0.0111442903107431,3228.3600000000006,2727.8199999999924,-8521.695460000003
392,2024-12-13,101424.25,21904.03923,33,76.0,1,0.0140991293706865,2690.2599999999948,4831.25,-7328.048220000001
393,2024-12-14,101420.0,14191.70326,29,83.0,1,-4.190407172619906e-05,2040.5899999999965,295.0,-7712.335969999998
394,2024-12-15,104463.99,22228.921775,33,80.0,1,0.0295721083506426,4012.8600000000006,4459.700000000012,8037.218514999999
395,2024-12-16,106058.66,41302.40274,51,83.0,1,0.0151499185537435,4460.070000000007,4634.410000000004,19073.480965
396,2024-12-17,106133.74,29064.936466,46,87.0,1,0.0007076596818099,3031.5099999999948,4713.740000000005,-12237.466274
397,2024-12-18,100204.01,50307.99755,46,81.0,1,-0.0574917891430019,6524.979999999996,-4259.9800000000105,21243.061084
398,2024-12-19,97461.86,55147.398,47,75.0,1,-0.0277470858240993,7100.110000000001,-8596.800000000003,4839.400450000001
399,2024-12-20,97805.44,62884.1357,47,74.0,1,0.0035190772297435,6000.460000000006,-8328.300000000003,7736.737699999998
400,2024-12-21,97291.99,23483.54143,31,73.0,1,-0.0052635361257102,3142.220000000001,-2912.019999999989,-39400.59427
401,2024-12-22,95186.27,19353.83036,28,73.0,1,-0.021880954382849,3197.729999999996,-2275.5899999999965,-4129.711070000001
402,2024-12-23,94881.47,32810.76703,35,70.0,1,-0.0032072803231183,4018.9199999999983,-2923.970000000001,13456.936670000005
403,2024-12-24,98663.58,23674.22488,34,73.0,1,0.0390874529987855,5918.970000000001,1371.5899999999965,-9136.54215
404,2024-12-25,99429.6,14474.1651,31,73.0,1,0.007733974670366,1937.12999999999,4243.330000000002,-9200.05978
405,2024-12-26,95791.6,21192.36727,34,79.0,1,-0.0372748575929543,4764.559999999998,910.1300000000048,6718.202169999999
406,2024-12-27,94299.03,26501.26429,32,74.0,1,-0.015704095193978,4044.570000000007,-4364.550000000003,5308.89702
407,2024-12-28,95300.0,8385.8929,25,72.0,1,0.0105589073939037,1598.3300000000015,-4129.600000000006,-18115.37139
408,2024-12-29,93738.2,13576.00578,25,73.0,3,-0.0165240203981765,2330.479999999996,-2053.4000000000087,5190.112879999999
409,2024-12-30,92792.05,27619.4225,34,65.0,1,-0.0101448222429947,3494.050000000003,-1506.979999999996,14043.41672
410,2024-12-31,93576.0,19612.03389,29,64.0,1,0.0084129723294208,4216.270000000004,-1724.0,-8007.388610000002
411,2025-01-01,94591.79,10373.32613,46,66.0,1,0.0107967454739184,2263.149999999994,853.5899999999965,-9238.70776
412,2025-01-02,96984.79,21970.48948,56,70.0,1,0.0249834762622952,3447.5,4192.739999999991,11597.16335
413,2025-01-03,98174.18,15253.82936,52,74.0,1,0.0121890859126901,2876.9000000000087,4598.179999999993,-6716.6601200000005
414,2025-01-04,98220.5,8990.05651,45,73.0,1,0.0004717032137415,1263.6399999999994,3628.7100000000064,-6263.772849999999
415,2025-01-05,98363.61,8095.63723,43,72.0,1,0.0014559673747879,1560.0600000000122,1378.820000000007,-894.4192800000001
416,2025-01-06,102235.6,25263.43375,57,76.0,1,0.0386090351235702,4560.0,4061.420000000013,17167.79652
417,2025-01-07,96954.61,32059.87537,60,78.0,1,-0.0530370228675763,6542.570000000007,-1265.8899999999994,6796.441620000001
418,2025-01-08,95060.61,33704.67894,54,70.0,1,-0.019728242676769,4767.75,-3303.0,1644.8035699999964
419,2025-01-09,92552.49,34544.83685,56,69.0,1,-0.0267387451314608,4178.650000000009,-9683.11,840.1579100000017
420,2025-01-10,94726.11,31482.86424,55,50.0,1,0.0232137319338375,3629.979999999996,-2228.5,-3061.9726100000007
421,2025-01-11,94599.99,7047.9043,40,69.0,1,-0.001332304617859,1219.2100000000064,-460.61999999999534,-24434.95994
422,2025-01-12,94545.06,8606.86622,40,62.0,1,-0.0005808240981644,1738.9100000000035,1992.5699999999924,1558.9619199999995
423,2025-01-13,94536.1,42619.56423,57,61.0,1,-9.47741171748694e-05,6683.309999999998,-190.0099999999948,34012.69801000001
424,2025-01-14,96560.86,27846.61753,51,63.0,1,0.021191710994825,3024.779999999999,1960.8699999999956,-14772.946700000004
425,2025-01-15,100497.35,30509.99179,55,70.0,1,0.0399578758632127,4181.940000000002,5952.290000000008,2663.3742600000005
426,2025-01-16,99987.3,27832.85317,60,75.0,1,-0.0050881810693719,3531.529999999999,5451.199999999997,-2677.138620000001
427,2025-01-17,104077.48,39171.85292,69,75.0,1,0.0400924438437183,5914.449999999997,7516.619999999995,11338.99975
428,2025-01-18,104556.23,24307.82998,57,77.0,1,0.004589391046213,2711.3300000000017,4058.87999999999,-14864.02294
429,2025-01-19,101331.57,43397.28298,62,77.0,1,-0.0313270015419219,6770.829999999987,1344.270000000004,19089.453000000005
430,2025-01-20,102260.01,89529.231732,100,76.0,1,0.0091206761708775,10038.0,-1817.4700000000007,46131.948752
431,2025-01-21,106143.82,45941.02002,89,76.0,1,0.037276279511942,7121.770000000004,1587.590000000011,-43588.211712
432,2025-01-22,103706.66,22248.69254,71,84.0,1,-0.0232286300582351,3055.340000000011,2375.0899999999965,-23692.327480000004
433,2025-01-23,103910.34,53953.12031,79,75.0,1,0.0019620750260613,5587.720000000001,1650.3300000000015,31704.42777
434,2025-01-24,104870.5,23609.24017,71,75.0,1,0.009197843721146,4370.0,-1273.320000000007,-30343.88014
435,2025-01-25,104746.85,9068.32377,51,75.0,1,-0.0011797688916675,1180.4300000000076,1040.1900000000023,-14540.9164
436,2025-01-26,102620.0,9812.51238,49,73.0,1,-0.0205136412372235,2979.5599999999977,-1290.3399999999965,744.1886099999992
437,2025-01-27,102082.83,50758.1341,70,71.0,1,-0.005248302947392,5482.229999999996,-2787.6699999999983,40945.62172
438,2025-01-28,101335.52,22022.05765,61,72.0,1,-0.0073475511137683,3527.320000000007,-3411.3300000000017,-28736.076450000004
439,2025-01-29,103733.24,23155.35802,52,72.0,1,0.0233856124401332,3454.6699999999983,1113.2400000000052,1133.3003700000008
440,2025-01-30,104722.94,19374.07472,53,70.0,1,0.0094955921810713,3178.9000000000087,2640.1100000000006,-3781.283299999999
441,2025-01-31,102429.56,21983.18193,54,76.0,1,-0.0221428532511645,4452.0,1094.0399999999936,2609.1072099999983
442,2025-02-01,100635.65,12290.95747,43,68.0,1,-0.0176687741751541,2504.200000000012,-3097.590000000011,-9692.22446
443,2025-02-02,97700.59,34619.49939,60,60.0,1,-0.029598970722466,5306.600000000006,-7022.350000000006,22328.54192
444,2025-02-03,101328.52,75164.7385,92,44.0,1,0.036460313684873,11269.009999999997,-1101.0399999999936,40545.23911000001
445,2025-02-04,97763.13,40267.98697,63,72.0,1,-0.0358203995142624,5582.309999999998,-2872.519999999989,-34896.75153000001
446,2025-02-05,96612.43,26233.30444,54,54.0,1,-0.0118401042068875,2994.0,-1088.1600000000035,-14034.682529999998
447,2025-02-06,96554.35,23515.20405,50,49.0,1,-0.0006013456532248,3443.3600000000006,-4774.169999999998,-2718.10039
448,2025-02-07,96506.8,31794.22065,49,44.0,1,-0.0004925900520273,4517.650000000009,-1256.3300000000015,8279.016599999999
449,2025-02-08,96444.74,10147.24294,39,44.0,1,-0.0006432703479849,1192.0,-167.68999999998778,-21646.97771
450,2025-02-09,96462.75,14120.91613,39,46.0,1,0.0001867216255037,2610.0899999999965,-91.60000000000582,3973.67319
451,2025-02-10,97430.82,20572.87537,41,43.0,1,0.0099856642396464,3089.0,924.020000000004,6451.959240000002
452,2025-02-11,95778.2,18647.76379,41,47.0,1,-0.0171074860302891,3601.5399999999936,-666.5400000000081,-1925.111580000001
453,2025-02-12,97869.99,29151.16625,43,46.0,1,0.0216048635909414,4031.760000000009,1407.2400000000052,10503.402459999998
454,2025-02-13,96608.14,19921.77616,39,50.0,1,-0.0129769625826388,2866.550000000003,-822.6800000000076,-9229.390089999995
455,2025-02-14,97500.48,18173.02646,44,48.0,1,0.0091942983898785,2573.179999999993,1722.2799999999988,-1748.7497000000003
456,2025-02-15,97569.66,7349.37683,34,50.0,1,0.0007092833675137,748.679999999993,-300.33000000000175,-10823.64963
457,2025-02-16,96118.12,8191.4249,34,54.0,1,-0.0149887326438566,1658.290000000008,-490.0200000000041,842.0480699999998
458,2025-02-17,95780.0,16492.0451,38,51.0,1,-0.0035239568777999,1841.5899999999965,-1720.479999999996,8300.6202
459,2025-02-18,95671.74,23368.19471,45,47.0,1,-0.0011309378701796,3365.820000000007,-1897.9199999999985,6876.14961
460,2025-02-19,96644.37,16438.50954,40,44.0,1,0.010114995490717,1870.0,526.25,-6929.685170000001
461,2025-02-20,98305.0,17057.39177,40,49.0,1,0.0170369380244533,2296.270000000004,2525.0,618.8822299999993
462,2025-02-21,96181.98,32249.2814,45,55.0,1,-0.0218328685213355,4603.050000000003,510.2399999999907,15191.88963
463,2025-02-22,96551.01,11268.17708,35,49.0,1,0.0038294476827775,1209.5099999999948,-93.36000000000058,-20981.10432
464,2025-02-23,96258.0,10884.84913,33,50.0,1,-0.0030393831239023,1422.0599999999977,-2047.0,-383.32794999999896
465,2025-02-24,91552.88,31550.10299,44,49.0,1,-0.0501153577517212,5150.740000000005,-4629.099999999991,20665.25386
466,2025-02-25,88680.4,78333.11111,82,25.0,1,-0.0318778335074248,6489.699999999997,-7870.610000000001,46783.00812
467,2025-02-26,84250.09,56893.54409,67,21.0,1,-0.051249257856689,7158.139999999999,-12007.910000000003,-21439.567019999995
468,2025-02-27,84708.58,42505.45439,68,10.0,1,0.0054272577477817,4361.970000000001,-6844.300000000003,-14388.089700000004
469,2025-02-28,84349.94,83648.03969,86,16.0,1,-0.0042427975590892,6861.479999999996,-4330.459999999992,41142.585300000006
470,2025-03-01,86064.53,25785.05464,50,20.0,1,0.0201232660499191,2733.220000000001,1814.4400000000023,-57862.98505
471,2025-03-02,94270.0,54889.09045,73,26.0,1,0.0910656416882886,9949.399999999994,9561.419999999998,29104.035810000005
472,2025-03-03,86220.61,59171.10218,92,33.0,1,-0.0892537611894861,9299.350000000006,1870.6699999999985,4282.011729999998
473,2025-03-04,87281.98,55609.10706,82,15.0,1,0.0122347826584605,7467.520000000004,1217.449999999997,-3561.99512
474,2025-03-05,90606.01,38264.01163,63,20.0,1,0.0373765195126344,4665.470000000001,-3663.990000000005,-17345.09543
475,2025-03-06,89931.89,34342.44902,59,25.0,1,-0.007467940338037,4974.639999999999,3711.279999999999,-3921.562610000001
476,2025-03-07,86801.75,57980.35713,84,34.0,1,-0.0354258232982397,6615.990000000005,-480.2299999999959,23637.90811
477,2025-03-08,86222.45,12989.23054,52,28.0,1,-0.0066961981573037,1678.7799999999988,-4383.559999999998,-44991.12659
478,2025-03-09,80734.37,26115.39345,51,27.0,1,-0.0657662016000647,6500.0,-9197.520000000004,13126.16291
479,2025-03-10,78595.86,47633.38405,86,20.0,1,-0.0268453567037924,6663.550000000003,-8205.89,21517.9906
480,2025-03-11,82932.99,48770.06853,81,24.0,1,0.0537139060247328,7011.399999999994,-3289.459999999992,1136.6844799999965
481,2025-03-12,83680.12,31933.986,61,34.0,1,0.0089685020330386,3932.200000000012,2945.75,-16836.082529999996
482,2025-03-13,81115.78,27546.27412,56,45.0,1,-0.0311239175565561,4396.430000000008,2519.9199999999983,-4387.711880000003
483,2025-03-14,83983.2,26858.52755,51,27.0,1,0.0347392620472014,4490.87000000001,1050.209999999992,-687.7465699999993
484,2025-03-15,84338.44,11324.7332,41,46.0,1,0.004220972745167,1058.2799999999988,658.320000000007,-15533.794349999998
485,2025-03-16,82574.53,17596.12531,47,30.0,1,-0.0211364721204962,3135.9199999999983,1458.75,6271.392109999999
486,2025-03-17,84010.03,17214.74358,47,32.0,1,0.0172349170117196,2300.8300000000017,26.830000000001743,-381.38173000000097
487,2025-03-18,82715.03,17610.89883,44,34.0,1,-0.0155348697269551,2887.0800000000017,-1623.4100000000035,396.1552499999998
488,2025-03-19,86845.94,28151.05374,46,32.0,1,0.0487344175789443,4452.8399999999965,4271.410000000004,10540.15491
489,2025-03-20,84223.39,22090.30463,43,49.0,1,-0.0306630706836421,3798.4400000000014,213.36000000000055,-6060.749110000001
490,2025-03-21,84088.79,11956.97443,36,31.0,1,-0.0015994092488549,1675.0800000000015,1373.7599999999948,-10133.3302
491,2025-03-22,83840.59,5420.22114,30,32.0,1,-0.0029560066348178,914.0699999999924,-3005.350000000006,-6536.753290000001
492,2025-03-23,86082.5,8461.97813,33,30.0,1,0.0263888809809596,2319.8899999999994,1859.1100000000008,3041.75699
493,2025-03-24,87498.16,30115.62111,44,45.0,1,0.0163116258283656,3246.3399999999965,3409.37000000001,21653.64298
494,2025-03-25,87392.87,22643.25248,43,46.0,1,-0.0012040641846587,2229.6300000000047,3552.279999999999,-7472.368630000001
495,2025-03-26,86909.17,18408.78485,43,47.0,1,-0.0055501500919203,2415.0,826.6699999999983,-4234.467629999999
496,2025-03-27,87232.01,17098.03897,36,40.0,1,0.0037078004164337,1956.3899999999996,-266.1500000000088,-1310.7458799999986
497,2025-03-28,84424.38,27182.73169,39,44.0,1,-0.0327151282624945,3930.6699999999983,-2968.4899999999907,10084.69272
498,2025-03-29,82648.54,11696.39864,31,26.0,1,-0.0212590631891735,2979.9199999999983,-4260.630000000005,-15486.33305
499,2025-03-30,82389.99,9864.49508,34,32.0,1,-0.0031332103056849,1969.6399999999996,-4842.0199999999895,-1831.9035599999988
500,2025-03-31,82550.01,20569.13885,45,34.0,1,0.0019403425512951,2664.5599999999977,-1874.37000000001,10704.64377
501,2025-04-01,85158.34,20190.39697,36,34.0,1,0.031108055610873,3146.720000000001,2509.800000000003,-378.74187999999776
502,2025-04-02,82516.29,39931.457,40,44.0,1,-0.0315166187211996,6180.0,126.29999999998836,19741.06003
503,2025-04-03,83213.09,27337.84135,57,25.0,1,0.0084089387880866,2786.779999999999,663.0800000000017,-12593.615650000003
504,2025-04-04,83889.87,32915.53976,58,28.0,1,0.00810020002606,3061.0,-1268.4700000000012,5577.698410000001
505,2025-04-05,83537.99,9360.40468,40,30.0,1,-0.0042033687594591,1886.050000000003,1021.7000000000116,-23555.13508
506,2025-04-06,78430.0,27942.71436,53,34.0,1,-0.0630949912246192,6663.800000000003,-4783.0899999999965,18582.30968
507,2025-04-07,79163.24,78387.53089,82,23.0,1,0.0093055424346964,6735.580000000002,-4726.62999999999,50444.81653
508,2025-04-08,76322.42,35317.32063,61,24.0,1,-0.0365453144265594,4628.090000000011,-7215.570000000007,-43070.21025999999
509,2025-04-09,82615.22,75488.28772,70,18.0,1,0.0792271898213657,8968.0,4185.220000000001,40170.96708999999
510,2025-04-10,79607.3,33284.80718,53,39.0,1,-0.0370881278659981,4288.850000000006,444.0599999999977,-42203.48053999999
511,2025-04-11,83423.84,34435.43797,44,25.0,1,0.0468283226478621,5330.419999999998,7101.419999999998,1150.6307899999956
512,2025-04-12,85276.9,18470.74437,39,43.0,1,0.021969489076607,3112.050000000003,2661.679999999993,-15964.6936
513,2025-04-13,83760.0,24680.04181,38,45.0,1,-0.0179480423502672,3065.770000000004,4152.699999999997,6209.297439999999
514,2025-04-14,84591.58,28659.09348,41,31.0,1,0.0098791679099759,2121.990000000005,1167.7400000000052,3979.0516700000007
515,2025-04-15,83643.99,20910.99528,39,38.0,1,-0.0112651566020126,2896.4199999999983,-1632.909999999989,-7748.0982
516,2025-04-16,84030.38,20867.24519,37,29.0,1,0.0046088222541115,2388.3600000000006,270.38000000000466,-43.750089999997726
517,2025-04-17,84947.91,13728.84772,35,30.0,1,0.0108598449834582,1733.75,356.33000000000175,-7138.397470000002
518,2025-04-18,84474.69,6529.96315,32,33.0,1,-0.0055862822389649,828.1199999999953,830.6999999999971,-7198.88457
519,2025-04-19,85077.01,9666.58153,27,32.0,3,0.007104883451191,1313.540000000008,1046.62999999999,3136.61838
520,2025-04-20,85179.24,8091.67725,30,37.0,1,0.0012008958529972,1371.2399999999907,231.33000000000172,-1574.9042799999995
521,2025-04-21,87516.23,31773.37262,50,39.0,1,0.0270665197044683,3321.2300000000105,3041.5399999999936,23681.69537
522,2025-04-22,93442.99,43872.74705,52,47.0,1,0.0655272558342847,6811.970000000001,8365.98000000001,12099.37443
523,2025-04-23,93691.08,27404.16808,51,72.0,1,0.0026514695623879,2760.6399999999994,8511.839999999997,-16468.57897
524,2025-04-24,93980.47,19497.06071,42,63.0,1,0.0030840074520417,2344.990000000005,6464.240000000005,-7907.107369999998
525,2025-04-25,94638.68,27500.66648,42,60.0,1,0.0069792772557713,2902.079999999987,1195.6899999999878,8003.605769999998
526,2025-04-26,94628.0,9415.06875,33,65.0,1,-0.000112856631831,1328.3099999999977,936.9199999999984,-18085.59773
527,2025-04-27,93749.3,11162.841,34,61.0,1,-0.009329217194183,1766.4199999999985,-231.16999999999825,1747.77225
528,2025-04-28,95011.18,22157.53351,42,54.0,1,0.0133703707308457,2829.990000000005,372.5,10994.69251
