,volatility
2018-02-07,0.07400134185055812
2018-02-08,0.047295175314835444
2018-02-09,0.05807577417818955
2018-02-10,0.06350137080185474
2018-02-11,0.06985558777888679
2018-02-12,0.07752521805851244
2018-02-13,0.07464166211989555
2018-02-14,0.07812942920215082
2018-02-15,0.06396739951369063
2018-02-16,0.05435017724957362
2018-02-17,0.05085794307927755
2018-02-18,0.07260923931645577
2018-02-19,0.06659658984572936
2018-02-20,0.056410511676448796
2018-02-21,0.06767078288453744
2018-02-22,0.06213161601146064
2018-02-23,0.059234580271101935
2018-02-24,0.05223290562088352
2018-02-25,0.04286378801207369
2018-02-26,0.0589848291332199
2018-02-27,0.048432227964856356
2018-02-28,0.0448485315706121
2018-03-01,0.04582904795322119
2018-03-02,0.03780013230649474
2018-03-03,0.03264900961085428
2018-03-04,0.028656738890831347
2018-03-05,0.026354074427405606
2018-03-06,0.04574112195522084
2018-03-07,0.04988176273911298
2018-03-08,0.04372240694804332
2018-03-09,0.04190649864187825
2018-03-10,0.03553323439203897
2018-03-11,0.07059363565269483
2018-03-12,0.062360223867526376
2018-03-13,0.05153039153023678
2018-03-14,0.06964327914503234
2018-03-15,0.0630632433574116
2018-03-16,0.0535851470916829
2018-03-17,0.04804554025786671
2018-03-18,0.05555175671937258
2018-03-19,0.05326582402486414
2018-03-20,0.04499495780213254
2018-03-21,0.038791281021308986
2018-03-22,0.03572528350045515
2018-03-23,0.030575046524478088
2018-03-24,0.03574991489899305
2018-03-25,0.029195635647839814
2018-03-26,0.029261162035589643
2018-03-27,0.02691866969170697
2018-03-28,0.032873326609200074
2018-03-29,0.060555810091304424
2018-03-30,0.049714456856365864
2018-03-31,0.049756706774801665
2018-04-01,0.0408494749292853
2018-04-02,0.0447425558943693
2018-04-03,0.045350648592139144
2018-04-04,0.0644767225117911
2018-04-05,0.05326162124347232
2018-04-06,0.04389928664188237
2018-04-07,0.04828400769516257
2018-04-08,0.04019357260546863
2018-04-09,0.039515790354782
2018-04-10,0.033248986975198916
2018-04-11,0.028605908742481284
2018-04-12,0.07037532797802584
2018-04-13,0.06372629215284098
2018-04-14,0.052535598515080745
2018-04-15,0.04405418405086589
2018-04-16,0.05010463963526573
2018-04-17,0.04411954555150721
2018-04-18,0.041097976702236506
2018-04-19,0.03357157055438748
2018-04-20,0.04032534146816431
2018-04-21,0.03520193835694951
2018-04-22,0.034677385545792985
2018-04-23,0.028523220473665338
2018-04-24,0.04001977128242382
2018-04-25,0.06838482942250268
2018-04-26,0.06148832521483607
2018-04-27,0.05662306012815164
2018-04-28,0.05397352967170325
2018-04-29,0.044135608303239905
2018-04-30,0.039177876233674226
2018-05-01,0.03367448048593841
2018-05-02,0.03048980106502366
2018-05-03,0.036363528630956224
2018-05-04,0.03207993196192583
2018-05-05,0.02626401626290103
2018-05-06,0.027907644696173097
2018-05-07,0.02850731980470532
2018-05-08,0.02385209015630448
2018-05-09,0.023745705793107797
2018-05-10,0.024909816296687034
2018-05-11,0.03558373564334881
2018-05-12,0.03593504527384873
2018-05-13,0.03735517702454203
2018-05-14,0.030527022355689347
2018-05-15,0.027065324792785884
2018-05-16,0.022291490802896427
2018-05-17,0.02193581907446819
2018-05-18,0.02935649774710011
2018-05-19,0.024075766880302225
2018-05-20,0.028309013399180696
2018-05-21,0.027005497777772315
2018-05-22,0.03429794081399951
2018-05-23,0.036774142096627646
2018-05-24,0.036979675061294195
2018-05-25,0.030210566727090975
2018-05-26,0.024667466573390816
2018-05-27,0.022162938912657842
2018-05-28,0.021558849195593883
2018-05-29,0.04002286104547504
2018-05-30,0.03372423766323723
2018-05-31,0.028742771121230797
2018-06-01,0.02347014636230572
2018-06-02,0.020062390415527525
2018-06-03,0.01639942985801628
2018-06-04,0.02434846209183315
2018-06-05,0.023133277816228235
2018-06-06,0.018897567124652948
2018-06-07,0.01543226373369537
2018-06-08,0.014963255283140377
2018-06-09,0.014151231506190087
2018-06-10,0.05203795252628354
2018-06-11,0.051009280080029945
2018-06-12,0.04474678907163472
2018-06-13,0.03670329986655666
2018-06-14,0.05419415666573501
2018-06-15,0.04772651999275888
2018-06-16,0.04207309483404126
2018-06-17,0.03435254030249363
2018-06-18,0.0368154134912776
2018-06-19,0.030199535846757636
2018-06-20,0.024794864972830493
2018-06-21,0.021311281089971407
2018-06-22,0.05940718961532637
2018-06-23,0.05546883260136677
2018-06-24,0.04594798923674499
2018-06-25,0.040812686208762015
2018-06-26,0.03637253673259198
2018-06-27,0.03174726993513063
2018-06-28,0.03436352951596826
2018-06-29,0.04857624828005892
2018-06-30,0.04156663357197076
2018-07-01,0.03554108450904822
2018-07-02,0.03349297328070848
2018-07-03,0.032739849704787306
2018-07-04,0.026808645583472703
2018-07-05,0.023734726411087773
2018-07-06,0.02001166769167272
2018-07-07,0.018404806368329675
2018-07-08,0.0177643408346093
2018-07-09,0.01599509535860328
2018-07-10,0.032967193864491165
2018-07-11,0.031459807818726225
2018-07-12,0.026505409032152677
2018-07-13,0.021882874822243558
2018-07-14,0.019730096152314865
2018-07-15,0.01943002834000537
2018-07-16,0.032753893581444427
2018-07-17,0.043154959196105305
2018-07-18,0.03930901130397885
2018-07-19,0.033693799934959974
2018-07-20,0.0352157130280149
2018-07-21,0.02877500192960402
2018-07-22,0.024108807814685124
2018-07-23,0.027660335105414713
2018-07-24,0.04119476098498077
2018-07-25,0.04881466917836766
2018-07-26,0.047714991509663705
2018-07-27,0.042439246289369625
2018-07-28,0.03488313456662
2018-07-29,0.029090306637826406
2018-07-30,0.024365009939659066
2018-07-31,0.03649963699425693
2018-08-01,0.029803151437156557
2018-08-02,0.024567426332575835
2018-08-03,0.020060256895880185
2018-08-04,0.02759241513530629
2018-08-05,0.027724293118650007
2018-08-06,0.022827599286983632
2018-08-07,0.02023110990988101
2018-08-08,0.029086761164501648
2018-08-09,0.04604962863276161
2018-08-10,0.0456744329794554
2018-08-11,0.043468234646436676
2018-08-12,0.0380622306822786
2018-08-13,0.031172025598179
2018-08-14,0.02548770533991112
2018-08-15,0.023414644005119136
2018-08-16,0.01957350119118381
2018-08-17,0.026675701000808613
2018-08-18,0.03243035041803991
2018-08-19,0.02746465058018852
2018-08-20,0.030665315314180597
2018-08-21,0.03408863196133169
2018-08-22,0.03071740241762449
2018-08-23,0.028990849665448275
2018-08-24,0.02524324198676599
2018-08-25,0.02077059190077729
2018-08-26,0.01894259666973541
2018-08-27,0.020317944713261447
2018-08-28,0.017399067319283743
2018-08-29,0.018909982596871332
2018-08-30,0.01760308183715708
2018-08-31,0.014373771051545466
2018-09-01,0.016721220169045044
2018-09-02,0.013719376397175574
2018-09-03,0.014582256142730279
2018-09-04,0.01241615693081893
2018-09-05,0.0549688829403817
2018-09-06,0.0448991173493332
2018-09-07,0.03687881395626091
2018-09-08,0.03054499052040558
2018-09-09,0.03183975166846999
2018-09-10,0.028957805225231403
2018-09-11,0.023723456136153964
2018-09-12,0.020390551800961262
2018-09-13,0.021016225706657957
2018-09-14,0.017752623472338844
2018-09-15,0.014526107635486604
2018-09-16,0.012306355768992389
2018-09-17,0.02470457346468435
2018-09-18,0.02426728548266832
2018-09-19,0.020772017809439734
2018-09-20,0.018649607911666848
2018-09-21,0.023748289265771126
2018-09-22,0.02275435767995073
2018-09-23,0.019620114358217585
2018-09-24,0.020672608971009677
2018-09-25,0.01936760341240697
2018-09-26,0.016889905115824104
2018-09-27,0.024684103305013114
2018-09-28,0.021920369043212793
2018-09-29,0.018448654048500556
2018-09-30,0.015263985571443648
2018-10-01,0.01261508718327571
2018-10-02,0.01245184167553146
2018-10-03,0.01021067657913014
2018-10-04,0.012011398001186105
2018-10-05,0.010087127416030238
2018-10-06,0.00966587403067164
2018-10-07,0.00805252855366956
2018-10-08,0.00768159299912899
2018-10-09,0.007054769359451454
2018-10-10,0.006443608382803273
2018-10-11,0.03130058496495121
2018-10-12,0.02923610239085467
2018-10-13,0.02536385527951242
2018-10-14,0.02097617886602696
2018-10-15,0.03893553834391256
2018-10-16,0.03316204185179792
2018-10-17,0.028307126070971658
2018-10-18,0.026862224904437335
2018-10-19,0.0229414498263146
2018-10-20,0.020184791435910007
2018-10-21,0.016484903198207487
2018-10-22,0.013473459087357077
2018-10-23,0.01116603616323183
2018-10-24,0.009315070850488482
2018-10-25,0.008071200371171223
2018-10-26,0.0069048850464973255
2018-10-27,0.006032207673136563
2018-10-28,0.004925381767988495
2018-10-29,0.011426187513332464
2018-10-30,0.010029425061333235
2018-10-31,0.010769714938180793
2018-11-01,0.009830826123083886
2018-11-02,0.008217271690703833
2018-11-03,0.008163551162452027
2018-11-04,0.011072767202273084
2018-11-05,0.009718140471584159
2018-11-06,0.008505592289403518
2018-11-07,0.007469818735405081
2018-11-08,0.012493371701961914
2018-11-09,0.011031074579031167
2018-11-10,0.009545942941698526
2018-11-11,0.008157917562596175
2018-11-12,0.00667970895400822
2018-11-13,0.005471862233308148
2018-11-14,0.04589978158270468
2018-11-15,0.03747718185345926
2018-11-16,0.031217866471632
2018-11-17,0.027583169976926565
2018-11-18,0.025884090840806534
2018-11-19,0.07287633289908683
2018-11-20,0.0604233851228749
2018-11-21,0.06596872681555738
2018-11-22,0.0563265429317732
2018-11-23,0.054407762704405296
2018-11-24,0.0656686770199561
2018-11-25,0.0730369026360955
2018-11-26,0.06194444125451078
2018-11-27,0.054484271629803536
2018-11-28,0.07649487615052182
2018-11-29,0.06267331420998
2018-11-30,0.0646244554133951
2018-12-01,0.05835527706092945
2018-12-02,0.048034655864694874
2018-12-03,0.053718067861418285
2018-12-04,0.04860062445506931
2018-12-05,0.0444214142277091
2018-12-06,0.04481017280082892
2018-12-07,0.036832320565979404
2018-12-08,0.036123633100384946
2018-12-09,0.0439436080004717
2018-12-10,0.0391450009969171
2018-12-11,0.03199989513234046
2018-12-12,0.03120330147148471
2018-12-13,0.032979222428873495
2018-12-14,0.027254084612848523
2018-12-15,0.02355962837765366
2018-12-16,0.021667220622863817
2018-12-17,0.05093860041288437
2018-12-18,0.0425820463365889
2018-12-19,0.037392632776385284
2018-12-20,0.052321781579205875
2018-12-21,0.06796977203230765
2018-12-22,0.05605325537927581
2018-12-23,0.047376200102855634
2018-12-24,0.03897990135036824
2018-12-25,0.05338114097127958
2018-12-26,0.04509433871826891
2018-12-27,0.04558932799447706
2018-12-28,0.06300106354118028
2018-12-29,0.05714385014797312
2018-12-30,0.050204935730446834
2018-12-31,0.04420221174877691
2019-01-01,0.03953068541292323
2019-01-02,0.032822942408476524
2019-01-03,0.031827845634460415
2019-01-04,0.026419690457287735
2019-01-05,0.021819352733709645
2019-01-06,0.0350535218835383
2019-01-07,0.030634690461468016
2019-01-08,0.026377861971590172
2019-01-09,0.02157966559705501
2019-01-10,0.058345041363241874
2019-01-11,0.05105797536178576
2019-01-12,0.04232589074742279
2019-01-13,0.03554873298775656
2019-01-14,0.043558600471960286
2019-01-15,0.037295530887547244
2019-01-16,0.03174234776270156
2019-01-17,0.026196869872254683
2019-01-18,0.021786542511583632
2019-01-19,0.02070003567667065
2019-01-20,0.0274333773243363
2019-01-21,0.022505793502345176
2019-01-22,0.020846476910346
2019-01-23,0.017227066901828215
2019-01-24,0.014469837607522107
2019-01-25,0.011846012370990417
2019-01-26,0.009672407336192072
2019-01-27,0.008169208051350426
2019-01-28,0.018140338262813364
2019-01-29,0.015074982071306281
2019-01-30,0.017659587003032867
2019-01-31,0.014629768585542333
2019-02-01,0.013508632373720903
2019-02-02,0.012747553668161549
2019-02-03,0.01393384688507285
2019-02-04,0.011498299988734712
2019-02-05,0.009524493810882115
2019-02-06,0.012948286149306995
2019-02-07,0.010792377142888993
2019-02-08,0.042398149432025245
2019-02-09,0.0361506545040141
2019-02-10,0.030060594467712896
2019-02-11,0.02777264577665931
2019-02-12,0.022728382116838797
2019-02-13,0.0190484972477567
2019-02-14,0.015738810892723814
2019-02-15,0.013173000619388777
2019-02-16,0.011045233640220779
2019-02-17,0.01109438190347154
2019-02-18,0.030753339679966893
2019-02-19,0.027560683032608037
2019-02-20,0.022509336651265796
2019-02-21,0.022490586302140493
2019-02-22,0.018392027729387198
2019-02-23,0.022196627764410982
2019-02-24,0.06233187602038594
2019-02-25,0.055524348151748636
2019-02-26,0.04533792302096381
2019-02-27,0.037246561081209134
2019-02-28,0.030425554871787736
2019-03-01,0.024968069166041464
2019-03-02,0.020386382860723314
2019-03-03,0.016695063537754407
2019-03-04,0.018246251567532755
2019-03-05,0.02884135053155871
2019-03-06,0.02371500987920268
2019-03-07,0.019380640289696563
2019-03-08,0.016174410271795732
2019-03-09,0.01627476460967494
2019-03-10,0.015371326685802296
2019-03-11,0.014752432312144246
2019-03-12,0.012294241355193462
2019-03-13,0.010265132969556634
2019-03-14,0.008707005767067927
2019-03-15,0.009539544676261835
2019-03-16,0.011803078415783425
2019-03-17,0.01271605693582335
2019-03-18,0.010472629539562038
2019-03-19,0.008749811435444562
2019-03-20,0.0072416921526437745
2019-03-21,0.012494351232701503
2019-03-22,0.010340986644919128
2019-03-23,0.00889938988929467
2019-03-24,0.007672762070552238
2019-03-25,0.009599580908558291
2019-03-26,0.008923851587086503
2019-03-27,0.014898607012125635
2019-03-28,0.012966020213472726
2019-03-29,0.013346184072056103
2019-03-30,0.011568868817838567
2019-03-31,0.010058030777995917
2019-04-01,0.008840884526039825
2019-04-02,0.08094927328783769
2019-04-03,0.06958892932828471
2019-04-04,0.06259550154438213
2019-04-05,0.05117292286189837
2019-04-06,0.042726816189494914
2019-04-07,0.03501529193559908
2019-04-08,0.028910292105252304
2019-04-09,0.0299473785981514
2019-04-10,0.02745451755300023
2019-04-11,0.043544235939483374
2019-04-12,0.03644789816336612
2019-04-13,0.029816974975053905
2019-04-14,0.026489743892016946
2019-04-15,0.025232043493051637
2019-04-16,0.027195505788780792
2019-04-17,0.02221277136949702
2019-04-18,0.018276617049464074
2019-04-19,0.01546925970472937
2019-04-20,0.012643055080776294
2019-04-21,0.012190778216746575
2019-04-22,0.013598435115565835
2019-04-23,0.014531321469867653
2019-04-24,0.018771986519581976
2019-04-25,0.026379950367152193
2019-04-26,0.025938642854922783
2019-04-27,0.021240712004327717
2019-04-28,0.017449456892460025
2019-04-29,0.015798989994422665
2019-04-30,0.016719252473141603
2019-05-01,0.014531802063413826
2019-05-02,0.014202975093165444
2019-05-03,0.023781561050611008
2019-05-04,0.02070563496077152
2019-05-05,0.022494675825125546
2019-05-06,0.019857662312926683
2019-05-07,0.017458105723922025
2019-05-08,0.016302710012829187
2019-05-09,0.017853184932256145
2019-05-10,0.01479070650507293
2019-05-11,0.044717531123754595
2019-05-12,0.05030812246709611
2019-05-13,0.06017499367411922
2019-05-14,0.052696728003790924
2019-05-15,0.04389069651103275
2019-05-16,0.05389526719951512
2019-05-17,0.06105381113706536
2019-05-18,0.04985046072080902
2019-05-19,0.07941461239816365
2019-05-20,0.07117740045048777
2019-05-21,0.0586644103056089
2019-05-22,0.052660695073536136
2019-05-23,0.04715684114948574
2019-05-24,0.038862865535935806
2019-05-25,0.03173143389725563
2019-05-26,0.04219600055225704
2019-05-27,0.0350633978395195
2019-05-28,0.03251192009505359
2019-05-29,0.029159082862531504
2019-05-30,0.03617753949280201
2019-05-31,0.037542073136859845
2019-06-01,0.030810669961339604
2019-06-02,0.026962718765396944
2019-06-03,0.048166463100176804
2019-06-04,0.04366116076123758
2019-06-05,0.04192520423214516
2019-06-06,0.03547307971405079
2019-06-07,0.0343512036058104
2019-06-08,0.028772387352141247
2019-06-09,0.02873006434287
2019-06-10,0.03883921391229854
2019-06-11,0.033195587638571694
2019-06-12,0.03144334836113487
2019-06-13,0.025678396388230103
2019-06-14,0.02999023530390183
2019-06-15,0.024681058325370406
2019-06-16,0.020382756500428124
2019-06-17,0.01951439912716062
2019-06-18,0.03164164002526486
2019-06-19,0.026332419202612114
2019-06-20,0.02297111937776639
2019-06-21,0.031368644542655734
2019-06-22,0.027902472349844974
2019-06-23,0.026116445697263384
2019-06-24,0.023506198903059383
2019-06-25,0.02875259951077187
2019-06-26,0.0404563613019992
2019-06-27,0.11312352319304274
2019-06-28,0.10585776766683909
2019-06-29,0.09313491078041322
2019-06-30,0.09110423570868267
2019-07-01,0.0744900076111728
2019-07-02,0.06559510314383363
2019-07-03,0.07783518652572802
2019-07-04,0.08051340648980422
2019-07-05,0.06592949706462424
2019-07-06,0.0569380184666811
2019-07-07,0.046847645546340654
2019-07-08,0.051184303958575
2019-07-09,0.041818113733815866
2019-07-10,0.04717917531871368
2019-07-11,0.05377474310796641
2019-07-12,0.05224453676958676
2019-07-13,0.04643429353944738
2019-07-14,0.06421319688630527
2019-07-15,0.07722865411711904
2019-07-16,0.093022461766651
2019-07-17,0.08577120960457188
2019-07-18,0.09475450367878556
2019-07-19,0.07852474536684333
2019-07-20,0.06472707043840721
2019-07-21,0.0544825002267403
2019-07-22,0.046612660504009126
2019-07-23,0.043731560485261535
2019-07-24,0.036053414445441585
2019-07-25,0.03305699041488412
2019-07-26,0.02700222238544341
2019-07-27,0.02693321369750179
2019-07-28,0.025182418963456573
2019-07-29,0.020737927461370837
2019-07-30,0.01846028037728936
2019-07-31,0.0321388276072942
2019-08-01,0.027142956878987406
2019-08-02,0.02237049688118369
2019-08-03,0.018922885074951625
2019-08-04,0.016480634231468044
2019-08-05,0.035098907763139904
2019-08-06,0.045837024106981164
2019-08-07,0.03996602436586481
2019-08-08,0.03467892510326175
2019-08-09,0.031676438301638285
2019-08-10,0.039704879321675574
2019-08-11,0.036587325109272886
2019-08-12,0.030651065588848597
2019-08-13,0.032872560341381814
2019-08-14,0.04239644122702134
2019-08-15,0.047936353937596175
2019-08-16,0.04076871393402948
2019-08-17,0.033288399259059395
2019-08-18,0.02911100435612682
2019-08-19,0.04029177202767249
2019-08-20,0.036624067763045665
2019-08-21,0.04555095986370744
2019-08-22,0.03767945940349404
2019-08-23,0.03733552857477697
2019-08-24,0.03350747336863489
2019-08-25,0.027689726592566216
2019-08-26,0.02670223645085141
2019-08-27,0.024849448434647096
2019-08-28,0.03061550432892682
2019-08-29,0.025166732766377223
2019-08-30,0.02545284962316577
2019-08-31,0.021476943680725245
2019-09-01,0.020677482832850574
2019-09-02,0.03628553507363996
2019-09-03,0.029772605374232645
2019-09-04,0.028197767169195337
2019-09-05,0.02413809856839581
2019-09-06,0.02678300475084565
2019-09-07,0.02377112484003332
2019-09-08,0.020186318783710872
2019-09-09,0.01693663034150219
2019-09-10,0.016615572966964146
2019-09-11,0.015541318221169031
2019-09-12,0.019704527814039276
2019-09-13,0.017469303481965206
2019-09-14,0.014313354941439425
2019-09-15,0.011877876281782154
2019-09-16,0.009973912433453911
2019-09-17,0.008442579475088587
2019-09-18,0.006896026582710771
2019-09-19,0.008402126831587304
2019-09-20,0.0080764787563731
2019-09-21,0.010727735062468356
2019-09-22,0.010688443327084424
2019-09-23,0.017878826127573178
2019-09-24,0.06476813097671225
2019-09-25,0.05813710737101546
2019-09-26,0.047589204714164376
2019-09-27,0.048228958228410196
2019-09-28,0.04146318120307449
2019-09-29,0.03396604143256674
2019-09-30,0.03672295295882748
2019-10-01,0.02998681436297189
2019-10-02,0.024866050910096565
2019-10-03,0.02264175028770943
2019-10-04,0.018840338820879213
2019-10-05,0.015579117609209879
2019-10-06,0.020119221556236893
2019-10-07,0.0338659176203944
2019-10-08,0.027900842722971143
2019-10-09,0.03283228207760503
2019-10-10,0.028319922224151264
2019-10-11,0.03383275307479183
2019-10-12,0.02806599986196903
2019-10-13,0.02293490738615678
2019-10-14,0.019549092051109107
2019-10-15,0.020562676738904363
2019-10-16,0.01839417727721296
2019-10-17,0.018675461562615233
2019-10-18,0.016352275027252387
2019-10-19,0.014015031688099863
2019-10-20,0.0236730114522658
2019-10-21,0.020182568411845916
2019-10-22,0.021443018868571126
2019-10-23,0.039408620921629084
2019-10-24,0.03378655933570405
2019-10-25,0.09642393455921013
2019-10-26,0.07993207687586551
2019-10-27,0.06573321070541349
2019-10-28,0.06714964596590713
2019-10-29,0.05490095183908725
2019-10-30,0.0508169709602005
2019-10-31,0.041560921340543996
2019-11-01,0.034219707368173244
2019-11-02,0.027959200853282514
2019-11-03,0.024195341097012348
2019-11-04,0.022772334214504593
2019-11-05,0.020438858697988407
2019-11-06,0.016709049409408205
2019-11-07,0.015887397311430546
2019-11-08,0.027615925970652565
2019-11-09,0.02545716656506383
2019-11-10,0.02838222378061419
2019-11-11,0.02988209388326812
2019-11-12,0.026726614313979616
2019-11-13,0.02183458461364338
2019-11-14,0.018716099478092524
2019-11-15,0.016677850719459656
2019-11-16,0.015555149219961699
2019-11-17,0.013480908118144069
2019-11-18,0.02076256490099164
2019-11-19,0.017596873247918247
2019-11-20,0.01499425278176126
2019-11-21,0.02906285951939184
2019-11-22,0.02636336720437668
2019-11-23,0.030017510910670505
2019-11-24,0.03130189495154042
2019-11-25,0.041600150779040064
2019-11-26,0.03535307024044913
2019-11-27,0.04051463067726588
2019-11-28,0.03542265105654887
2019-11-29,0.035226220410765764
2019-11-30,0.03652064839388279
2019-12-01,0.032150128168890964
2019-12-02,0.02659840408752442
2019-12-03,0.02207604037209859
2019-12-04,0.018555210101450295
2019-12-05,0.023754110577241683
2019-12-06,0.020946136491424773
2019-12-07,0.018582771798330996
2019-12-08,0.01518274327518818
2019-12-09,0.018758823965043726
2019-12-10,0.0162746555792254
2019-12-11,0.013764352116249866
2019-12-12,0.011524764357492986
2019-12-13,0.011714794028411461
2019-12-14,0.017007203875115243
2019-12-15,0.016541766987771662
2019-12-16,0.02028254966601844
2019-12-17,0.02162975835968093
2019-12-18,0.06374305244574412
2019-12-19,0.0551075954335063
2019-12-20,0.04499516327764676
2019-12-21,0.037364673101106013
2019-12-22,0.04013281312266732
2019-12-23,0.03963258923986246
2019-12-24,0.032945342110556865
2019-12-25,0.027115622210880305
2019-12-26,0.022175581013502553
2019-12-27,0.01875166885408114
2019-12-28,0.015786791813890658
2019-12-29,0.013303592946118789
2019-12-30,0.017109951769145027
2019-12-31,0.01415395054587794
2020-01-01,0.011845922845449136
2020-01-02,0.018845924480054316
2020-01-03,0.03791845306362462
2020-01-04,0.031241346162419942
2020-01-05,0.02569748304069359
2020-01-06,0.03297600586614048
2020-01-07,0.030718609690703055
2020-01-08,0.03311752005741543
2020-01-09,0.036439997127132855
2020-01-10,0.03854396574179118
2020-01-11,0.037362756231323825
2020-01-12,0.031753673914922356
2020-01-13,0.027676660274852164
2020-01-14,0.04767935269054798
2020-01-15,0.04169888962025724
2020-01-16,0.037937978879776145
2020-01-17,0.03164879047001784
2020-01-18,0.026790519201414488
2020-01-19,0.028132969363661192
2020-01-20,0.02311501840113782
2020-01-21,0.020334380491443926
2020-01-22,0.017051292841801874
2020-01-23,0.02157607372207162
2020-01-24,0.019478605051785332
2020-01-25,0.01614885720135474
2020-01-26,0.025116870190847428
2020-01-27,0.025285663152283856
2020-01-28,0.02817391056242632
2020-01-29,0.029353383965526388
2020-01-30,0.02426737023770456
2020-01-31,0.026958306961572365
2020-02-01,0.02205870292839544
2020-02-02,0.018902774503763802
2020-02-03,0.015733954628787378
2020-02-04,0.013875879417695594
2020-02-05,0.027624877676836416
2020-02-06,0.022665880398640197
2020-02-07,0.019160841956991533
2020-02-08,0.01569117994178499
2020-02-09,0.015289959237114188
2020-02-10,0.02682292328161316
2020-02-11,0.029306897240917618
2020-02-12,0.023959554431631978
2020-02-13,0.022480255787755355
2020-02-14,0.018678357023597065
2020-02-15,0.03054130646684157
2020-02-16,0.02562910275901134
2020-02-17,0.022429042731729895
2020-02-18,0.035408903783733195
2020-02-19,0.04508946320242394
2020-02-20,0.03758034170517248
2020-02-21,0.032061030617451726
2020-02-22,0.026180172856737984
2020-02-23,0.027333370857553795
2020-02-24,0.029368944157959733
2020-02-25,0.029139835925482936
2020-02-26,0.033116969484723535
2020-02-27,0.0323850078317597
2020-02-28,0.026501269918267973
2020-02-29,0.021680017529428563
2020-03-01,0.020320975384369756
2020-03-02,0.033677763974681356
2020-03-03,0.030365255351298564
2020-03-04,0.024793384076472434
2020-03-05,0.027502342921926153
2020-03-06,0.022482587222315727
2020-03-07,0.026821540799248162
2020-03-08,0.05632974077726939
2020-03-09,0.047477241009645114
2020-03-10,0.04067887580568165
2020-03-11,0.03575342085771937
2020-03-12,0.26037744338360097
2020-03-13,0.2732317077512463
2020-03-14,0.22314192968373284
2020-03-15,0.19051769753838307
2020-03-16,0.15633083300795145
2020-03-17,0.13793914130849388
2020-03-18,0.11347594990618831
2020-03-19,0.11709658694662647
2020-03-20,0.09740680513576468
2020-03-21,0.08157831492525419
2020-03-22,0.07920537527553906
2020-03-23,0.08816838536784631
2020-03-24,0.07225227232161077
2020-03-25,0.06343330016704703
2020-03-26,0.05208944212551963
2020-03-27,0.057611094047107285
2020-03-28,0.047383735722010115
2020-03-29,0.045773468486266046
2020-03-30,0.06956506907175364
2020-03-31,0.056915839128086426
2020-04-01,0.04884165408647337
2020-04-02,0.03999965633589354
2020-04-03,0.03571927698274354
2020-04-04,0.02951942420531938
2020-04-05,0.027385894950046348
2020-04-06,0.04539658162010575
2020-04-07,0.044678278845517505
2020-04-08,0.036802248355078365
2020-04-09,0.03324626974316636
2020-04-10,0.04472616695984584
2020-04-11,0.03769296436205468
2020-04-12,0.031542591343315156
2020-04-13,0.025876284240262965
2020-04-14,0.021896135808686462
2020-04-15,0.02528028154459857
2020-04-16,0.04892807738684843
2020-04-17,0.04198501256811718
2020-04-18,0.03675693121499034
2020-04-19,0.03442360914055062
2020-04-20,0.03700880772248229
2020-04-21,0.031083593192273117
2020-04-22,0.035734460011888236
2020-04-23,0.036027863924570636
2020-04-24,0.031103562564655816
2020-04-25,0.02608755289362855
2020-04-26,0.02174008180608669
2020-04-27,0.017890463593724884
2020-04-28,0.01740589678579043
2020-04-29,0.06413683622797288
2020-04-30,0.06262430875356013
2020-05-01,0.051138539172928266
2020-05-02,0.041989235149799096
2020-05-03,0.03789507832867472
2020-05-04,0.031833580827087184
2020-05-05,0.02649851600198729
2020-05-06,0.021697682630553026
2020-05-07,0.04427161485194386
2020-05-08,0.04658815794005473
2020-05-09,0.04490776135521332
2020-05-10,0.06110000120627908
2020-05-11,0.05011356200577211
2020-05-12,0.04965239750114561
2020-05-13,0.05204511481617345
2020-05-14,0.04670718596205842
2020-05-15,0.055233203640491474
2020-05-16,0.04521532568407305
2020-05-17,0.03986419731910352
2020-05-18,0.032744247447912746
2020-05-19,0.02690997377443665
2020-05-20,0.02886630956071649
2020-05-21,0.03305155908251202
2020-05-22,0.031138460331306517
2020-05-23,0.025916215219477838
2020-05-24,0.032147286150040436
2020-05-25,0.03403113191169224
2020-05-26,0.027786738613160118
2020-05-27,0.0336268410904308
2020-05-28,0.03188855791809671
2020-05-29,0.03183352277538049
2020-05-30,0.02820948003262684
2020-05-31,0.03140184918351242
2020-06-01,0.04742232932707441
2020-06-02,0.06347981551583011
2020-06-03,0.05301012097039341
2020-06-04,0.043686043239972355
2020-06-05,0.03757809390591234
2020-06-06,0.03090500026751944
2020-06-07,0.025611617542742233
2020-06-08,0.02091623532062399
2020-06-09,0.017209046939614163
2020-06-10,0.014961701204020577
2020-06-11,0.03789669902705338
2020-06-12,0.03670085880765203
2020-06-13,0.03013930893847
2020-06-14,0.02525084508409334
2020-06-15,0.022222768353053313
2020-06-16,0.019225118231306754
2020-06-17,0.016373661150997334
2020-06-18,0.014000436760607892
2020-06-19,0.011735346113907993
2020-06-20,0.010936177540153701
2020-06-21,0.009378573327805189
2020-06-22,0.024656266072930998
2020-06-23,0.022223177230212405
2020-06-24,0.027944763341965093
2020-06-25,0.022863283252799925
2020-06-26,0.01871684513553839
2020-06-27,0.01596477781070051
2020-06-28,0.01751663538018184
2020-06-29,0.01555695827490364
2020-06-30,0.013152702412924338
2020-07-01,0.012396697136077297
2020-07-02,0.013953102532072159
2020-07-03,0.011397287727095997
2020-07-04,0.011255882425304313
2020-07-05,0.010053612695473562
2020-07-06,0.01873313174832646
2020-07-07,0.017966185354279227
2020-07-08,0.017060881167662925
2020-07-09,0.021038385682289665
2020-07-10,0.01767658104303527
2020-07-11,0.01484955370723354
2020-07-12,0.012992814915866248
2020-07-13,0.011414268769635789
2020-07-14,0.00941891151107182
2020-07-15,0.008319097574006496
2020-07-16,0.007224517930239426
2020-07-17,0.006720475233109307
2020-07-18,0.005799541953507347
2020-07-19,0.005379996344683858
2020-07-20,0.0054846353551142165
2020-07-21,0.014320618677662766
2020-07-22,0.012119456725193269
2020-07-23,0.009900924418377458
2020-07-24,0.011741861826988867
2020-07-25,0.011776295793244263
2020-07-26,0.012545783219061316
2020-07-27,0.04932480902046509
2020-07-28,0.04966584723398178
2020-07-29,0.04076151450208656
2020-07-30,0.035413090627134956
2020-07-31,0.029075962898830535
2020-08-01,0.026681513605437305
2020-08-02,0.05157451736641326
2020-08-03,0.04316892136298991
2020-08-04,0.035303736295387085
2020-08-05,0.038416132835017554
2020-08-06,0.03229771996012405
2020-08-07,0.029631153420768865
2020-08-08,0.024958156676135438
2020-08-09,0.021561292447883764
2020-08-10,0.019477940594910724
2020-08-11,0.03096186743862955
2020-08-12,0.028370158479843643
2020-08-13,0.025396943183514088
2020-08-14,0.02105845194241434
2020-08-15,0.017378804724447458
2020-08-16,0.014190916026009623
2020-08-17,0.01790555156529258
2020-08-18,0.026126776589906017
2020-08-19,0.02288277090470469
2020-08-20,0.020084198995487298
2020-08-21,0.021582085786608526
2020-08-22,0.02085429847846809
2020-08-23,0.017045442821314934
2020-08-24,0.0150399082789112
2020-08-25,0.02376823482868529
2020-08-26,0.023189071280904406
2020-08-27,0.01939762131747984
2020-08-28,0.020061530986658114
2020-08-29,0.016782835137819245
2020-08-30,0.017902875690425833
2020-08-31,0.015901124808220427
2020-09-01,0.016884184977849475
2020-09-02,0.03221328621554109
2020-09-03,0.06226779588515965
2020-09-04,0.0641790856116136
2020-09-05,0.052541288931695226
2020-09-06,0.04591624927800442
2020-09-07,0.03945119945242923
2020-09-08,0.033877566148451006
2020-09-09,0.02958330286958648
2020-09-10,0.025519091366239748
2020-09-11,0.020936787688470546
2020-09-12,0.01715662175237382
2020-09-13,0.015749623823486502
2020-09-14,0.021875442171956312
2020-09-15,0.01786494608425956
2020-09-16,0.014861600430467494
2020-09-17,0.013987862094960475
2020-09-18,0.012197298989390756
2020-09-19,0.010934645257417268
2020-09-20,0.01473732746145659
2020-09-21,0.027735499763822124
2020-09-22,0.026546749488709123
2020-09-23,0.024327092490514873
2020-09-24,0.03777500007344722
2020-09-25,0.03140099714809302
2020-09-26,0.025645331669519114
2020-09-27,0.020946801804431665
2020-09-28,0.01802800366702444
2020-09-29,0.01634315687395823
2020-09-30,0.014413045587721766
2020-10-01,0.014385501489431232
2020-10-02,0.011747125761872765
2020-10-03,0.00963248030896989
2020-10-04,0.011360673978663804
2020-10-05,0.010754887598419515
2020-10-06,0.014892789204172157
2020-10-07,0.013064533435545601
2020-10-08,0.01645599106766325
2020-10-09,0.013543282191706259
2020-10-10,0.01286671294847417
2020-10-11,0.011083864198546596
2020-10-12,0.009165232070683635
2020-10-13,0.013562236627711744
2020-10-14,0.011402029598879712
2020-10-15,0.009595150009136267
2020-10-16,0.013540194238974634
2020-10-17,0.011486959135165753
2020-10-18,0.011566745585983324
2020-10-19,0.013170244105164987
2020-10-20,0.010924368373184678
2020-10-21,0.032661199110988394
2020-10-22,0.02801213319609069
2020-10-23,0.027486573077785546
2020-10-24,0.022452812018624858
2020-10-25,0.02160436804484306
2020-10-26,0.017952109764937416
2020-10-27,0.024717462437535496
2020-10-28,0.03157996402884505
2020-10-29,0.026421185764864945
2020-10-30,0.021577466565487664
2020-10-31,0.01834804281395339
2020-11-01,0.016375067741191913
2020-11-02,0.01761368533299414
2020-11-03,0.023568305362300892
2020-11-04,0.019279100225981883
2020-11-05,0.04863067028357802
2020-11-06,0.04490357309524219
2020-11-07,0.054300048125146216
2020-11-08,0.04975049665232637
2020-11-09,0.042599135958499935
2020-11-10,0.03508589660152381
2020-11-11,0.030748490043346784
2020-11-12,0.028898481923073358
2020-11-13,0.025458510395490835
2020-11-14,0.0258992130399636
2020-11-15,0.021951422784371337
2020-11-16,0.030132316331641748
2020-11-17,0.03218192490088655
2020-11-18,0.028767166426743134
2020-11-19,0.025723316176961525
2020-11-20,0.026945168611377784
2020-11-21,0.0250850708879878
2020-11-22,0.027011412168050027
2020-11-23,0.022582295738442042
2020-11-24,0.027456958173564125
2020-11-25,0.030687861991530653
2020-11-26,0.05402082969999687
2020-11-27,0.046260049799622276
2020-11-28,0.04651831784784348
2020-11-29,0.04055265652114017
2020-11-30,0.05031208536760008
2020-12-01,0.05898563955640053
2020-12-02,0.049087735341465946
2020-12-03,0.04008004668401834
2020-12-04,0.042585790391949124
2020-12-05,0.03872960739292959
2020-12-06,0.031794623107458016
2020-12-07,0.027430857967745165
2020-12-08,0.033076948894310954
2020-12-09,0.03027542212502011
2020-12-10,0.025281513826264534
2020-12-11,0.02070860681994899
2020-12-12,0.03213288412797987
2020-12-13,0.026979421541816106
2020-12-14,0.022271839251189487
2020-12-15,0.018198501215407524
2020-12-16,0.04716198602342689
2020-12-17,0.0414575670901567
2020-12-18,0.03813382481172265
2020-12-19,0.03126063340492355
2020-12-20,0.03648054428234856
2020-12-21,0.0395456104696388
2020-12-22,0.040338331054450775
2020-12-23,0.03936243531797288
2020-12-24,0.033578651803977067
2020-12-25,0.032123103888498
2020-12-26,0.037239959354548414
2020-12-27,0.03829517188252047
2020-12-28,0.031585574604323326
2020-12-29,0.026687957461087687
2020-12-30,0.02791102010806422
2020-12-31,0.02752081041896301
2021-01-01,0.02278621933345846
2021-01-02,0.043133190472210155
2021-01-03,0.03649905226300499
2021-01-04,0.0467997470505289
2021-01-05,0.04496666596796704
2021-01-06,0.0452798566159282
2021-01-07,0.039015605584839096
2021-01-08,0.03455322084896444
2021-01-09,0.041578872805693
2021-01-10,0.05247796847662931
2021-01-11,0.05856524558646393
2021-01-12,0.048448977215412845
2021-01-13,0.07556315578046857
2021-01-14,0.0643584223749286
2021-01-15,0.06957513182516288
2021-01-16,0.05734761336520336
2021-01-17,0.046930267521805125
2021-01-18,0.04161059831454432
2021-01-19,0.03590558693136875
2021-01-20,0.0294956163136232
2021-01-21,0.07348898860556223
2021-01-22,0.08618248118021861
2021-01-23,0.07076051537068923
2021-01-24,0.05902405956489544
2021-01-25,0.048449221064795524
2021-01-26,0.040154030414640364
2021-01-27,0.04734416017100775
2021-01-28,0.07317749888641545
2021-01-29,0.06001308029404588
2021-01-30,0.04999481459699145
2021-01-31,0.04791424313619797
2021-02-01,0.040022255945085655
2021-02-02,0.043305153225977965
2021-02-03,0.04079855116193496
2021-02-04,0.042963093968296784
2021-02-05,0.03662448962505205
2021-02-06,0.029904808623911174
2021-02-07,0.029937894443502068
2021-02-08,0.09113026397922071
2021-02-09,0.08223083564259961
2021-02-10,0.07945775808642695
2021-02-11,0.06998544981774282
2021-02-12,0.06277401473543436
2021-02-13,0.052479733269474624
2021-02-14,0.0439252084803399
2021-02-15,0.03948840378111863
2021-02-16,0.033625330851659155
2021-02-17,0.03658671944547518
2021-02-18,0.03636765785221358
2021-02-19,0.04564471489653357
2021-02-20,0.042404436208998995
2021-02-21,0.03466555291884516
2021-02-22,0.05303549418767073
2021-02-23,0.06746541081165765
2021-02-24,0.0614110227202425
2021-02-25,0.0535016018504777
2021-02-26,0.044228946660073015
2021-02-27,0.03795106542253977
2021-02-28,0.03102280524564021
2021-03-01,0.06493709568455505
2021-03-02,0.057418462372658303
2021-03-03,0.05022029855771036
2021-03-04,0.05048979796119057
2021-03-05,0.0415969624799728
2021-03-06,0.03397885260013661
2021-03-07,0.03499362226264809
2021-03-08,0.02929599962661703
2021-03-09,0.028057358838624105
2021-03-10,0.023603035750970586
2021-03-11,0.019868726508722765
2021-03-12,0.0254893715356291
2021-03-13,0.03430643317674188
2021-03-14,0.04610567272190798
2021-03-15,0.05200917356741113
2021-03-16,0.04658964175457724
2021-03-17,0.04250081680769591
2021-03-18,0.03869449070758843
2021-03-19,0.03178780192524554
2021-03-20,0.025959191877879654
2021-03-21,0.022597181428509246
2021-03-22,0.03461985141098138
2021-03-23,0.03149992070663306
2021-03-24,0.02899020751060607
2021-03-25,0.023689279336777027
2021-03-26,0.051676184670195933
2021-03-27,0.04226509658666025
2021-03-28,0.03507260524588932
2021-03-29,0.03164573935444908
2021-03-30,0.025899448701554414
2021-03-31,0.022957048785251746
2021-04-01,0.01970677604846379
2021-04-02,0.016192956704611534
2021-04-03,0.024408842229051902
2021-04-04,0.024406917983694213
2021-04-05,0.02119271432230837
2021-04-06,0.022120044082071844
2021-04-07,0.025350510270907123
2021-04-08,0.03372834688868468
2021-04-09,0.027569454304132962
2021-04-10,0.026039610059635076
2021-04-11,0.021591565486922218
2021-04-12,0.018563395666208408
2021-04-13,0.03282044633800331
2021-04-14,0.0319808298917634
2021-04-15,0.02655585139324291
2021-04-16,0.02973837799749385
2021-04-17,0.026129173829856328
2021-04-18,0.03673699874212795
2021-04-19,0.031682047906884524
2021-04-20,0.03216863123917497
2021-04-21,0.03297093339499091
2021-04-22,0.028389429830741244
2021-04-23,0.02491894827761567
2021-04-24,0.0203573875674204
2021-04-25,0.01666789249447481
2021-04-26,0.06324767531099763
2021-04-27,0.05164341699558552
2021-04-28,0.04359468282602157
2021-04-29,0.040043593955449056
2021-04-30,0.05132636625752798
2021-05-01,0.04356262232254059
2021-05-02,0.04088496880412196
2021-05-03,0.03354532565881275
2021-05-04,0.049476519005282465
2021-05-05,0.06493318152305808
2021-05-06,0.055420531584070704
2021-05-07,0.045856751270144415
2021-05-08,0.038874188023684246
2021-05-09,0.034172841965583914
2021-05-10,0.03763840947606619
2021-05-11,0.033595504194005484
2021-05-12,0.07411474815792246
2021-05-13,0.06525528441182525
2021-05-14,0.05613239287670466
2021-05-15,0.05156570268671921
2021-05-16,0.04440081241258084
2021-05-17,0.04177825499313687
2021-05-18,0.03605312510929174
2021-05-19,0.07191615836056381
2021-05-20,0.10785280946730601
2021-05-21,0.09533014068048902
2021-05-22,0.0811228531517908
2021-05-23,0.0720784406455798
2021-05-24,0.10045671572686725
2021-05-25,0.08284732717226416
2021-05-26,0.06855510903546932
2021-05-27,0.057870548546338905
2021-05-28,0.06248686293984211
2021-05-29,0.051076320045574886
2021-05-30,0.051275044021010525
2021-05-31,0.05017846228626293
2021-06-01,0.042945686181127214
2021-06-02,0.03700973608568664
2021-06-03,0.03542907204505346
2021-06-04,0.052835601264094416
2021-06-05,0.04571902652067671
2021-06-06,0.03961704371011367
2021-06-07,0.043747197227864486
2021-06-08,0.037608421753205064
2021-06-09,0.07671917391644008
2021-06-10,0.06673652881636005
2021-06-11,0.05464717022083263
2021-06-12,0.05515557563534502
2021-06-13,0.06983275623273197
2021-06-14,0.057360226476255015
2021-06-15,0.05113248579615986
2021-06-16,0.05317033357802499
2021-06-17,0.043435034181643004
2021-06-18,0.046329751746231336
2021-06-19,0.03858101032866602
2021-06-20,0.033622078536862075
2021-06-21,0.06287306501297461
2021-06-22,0.06493822282978136
2021-06-23,0.06107749122881403
2021-06-24,0.05262145114495731
2021-06-25,0.06824218768474341
2021-06-26,0.061159401894110434
2021-06-27,0.06610584393053281
2021-06-28,0.05535864421865242
2021-06-29,0.04799725890531254
2021-06-30,0.04560701348075365
2021-07-01,0.04562643476806977
2021-07-02,0.03871290463822835
2021-07-03,0.03551595875135105
2021-07-04,0.02972002966135724
2021-07-05,0.038093241289428266
2021-07-06,0.03372927734298171
2021-07-07,0.028002053259518055
2021-07-08,0.026509973273926655
2021-07-09,0.030505405710439484
2021-07-10,0.0254924609244748
2021-07-11,0.02456348930198139
2021-07-12,0.029342952335003104
2021-07-13,0.024014690025547788
2021-07-14,0.020526365411826474
2021-07-15,0.021039865888646214
2021-07-16,0.017238431458480436
2021-07-17,0.017034635301266303
2021-07-18,0.0162583519644677
2021-07-19,0.019657651033135094
2021-07-20,0.020102591946161756
2021-07-21,0.05287334228445119
2021-07-22,0.04337798793129413
2021-07-23,0.039015000254845895
2021-07-24,0.03186924550553187
2021-07-25,0.02686670354500673
2021-07-26,0.026249063478484547
2021-07-27,0.02515996413696123
2021-07-28,0.025023269520712814
2021-07-29,0.026588987222148714
2021-07-30,0.027437351965821376
2021-07-31,0.03452976828466978
2021-08-01,0.040514207863093066
2021-08-02,0.033974975301760114
2021-08-03,0.029065608647535955
2021-08-04,0.036359162749900385
2021-08-05,0.03231214683035472
2021-08-06,0.0322063519121291
2021-08-07,0.02759876481052013
2021-08-08,0.03338380820918199
2021-08-09,0.03481237031456726
2021-08-10,0.03596064048725174
2021-08-11,0.0303980557416383
2021-08-12,0.03032749232242553
2021-08-13,0.047316439159976964
2021-08-14,0.04357214000763255
2021-08-15,0.03614157080796841
2021-08-16,0.033265794610963705
2021-08-17,0.02973016305010786
2021-08-18,0.025023387092125954
2021-08-19,0.03436440039750011
2021-08-20,0.03618046284465776
2021-08-21,0.034729365546721756
2021-08-22,0.028450405673833456
2021-08-23,0.02347162251157941
2021-08-24,0.031181768093738294
2021-08-25,0.030874224119819875
2021-08-26,0.03618481732588205
2021-08-27,0.04253005211139848
2021-08-28,0.03523195263425169
2021-08-29,0.02897480341245331
2021-08-30,0.03136054756167064
2021-08-31,0.026612277963427324
2021-09-01,0.03113754554076672
2021-09-02,0.025435215675242175
2021-09-03,0.021115166657885653
2021-09-04,0.018365939935078433
2021-09-05,0.021748377950353174
2021-09-06,0.017766504413809194
2021-09-07,0.07175929562940388
2021-09-08,0.05883916456205047
2021-09-09,0.05089579830970963
2021-09-10,0.04288524672040138
2021-09-11,0.037921399221668366
2021-09-12,0.034746743108401854
2021-09-13,0.03076444410466429
2021-09-14,0.03874408785699642
2021-09-15,0.03219494088595947
2021-09-16,0.028656102537374148
2021-09-17,0.024807524863889756
2021-09-18,0.02272714813840583
2021-09-19,0.024289364255745922
2021-09-20,0.05216087670154755
2021-09-21,0.0441117721571192
2021-09-22,0.06675795190258198
2021-09-23,0.05742871497670999
2021-09-24,0.05482621268507276
2021-09-25,0.04494741911610518
2021-09-26,0.038155563461405216
2021-09-27,0.033238189012747776
2021-09-28,0.028722110310808555
2021-09-29,0.027463045050513807
2021-09-30,0.03873339819664043
2021-10-01,0.05270917488961627
2021-10-02,0.050798932288388186
2021-10-03,0.04193791989645861
2021-10-04,0.034250182259762584
2021-10-05,0.03080974186047677
2021-10-06,0.034115861321197725
2021-10-07,0.04660842736914416
2021-10-08,0.038994431999498286
2021-10-09,0.03192667404030961
2021-10-10,0.02824778808209848
2021-10-11,0.031863856831964604
2021-10-12,0.036418691261672964
2021-10-13,0.031200673364706603
2021-10-14,0.026320401552796555
2021-10-15,0.040290465268616536
2021-10-16,0.039827377837073595
2021-10-17,0.032614199320251155
2021-10-18,0.026817828104236607
2021-10-19,0.025328564659108977
2021-10-20,0.020967444780408972
2021-10-21,0.04622959062522306
2021-10-22,0.039104260727349724
2021-10-23,0.03385986147403788
2021-10-24,0.027682282769877914
2021-10-25,0.031368832030547786
2021-10-26,0.03789710770793527
2021-10-27,0.033236516363787126
2021-10-28,0.03904646314400295
2021-10-29,0.03480262962949054
2021-10-30,0.029644660912313818
2021-10-31,0.02521541712723509
2021-11-01,0.020847362130326664
2021-11-02,0.026859404689718664
2021-11-03,0.02350628231158025
2021-11-04,0.024778038205145826
2021-11-05,0.020299064365062697
2021-11-06,0.01816487181780048
2021-11-07,0.021523824736640593
2021-11-08,0.034288768486923346
2021-11-09,0.03393870110048025
2021-11-10,0.03716894862324892
2021-11-11,0.030361055518167774
2021-11-12,0.025296659528093016
2021-11-13,0.021055174212020484
2021-11-14,0.019815414025833835
2021-11-15,0.024416515394209956
2021-11-16,0.033424446418312305
2021-11-17,0.031078081825920773
2021-11-18,0.03468726029084421
2021-11-19,0.03840268391055809
2021-11-20,0.03799836369844867
2021-11-21,0.03265244541882105
2021-11-22,0.032686803986819765
2021-11-23,0.034069555614827024
2021-11-24,0.027862214422744662
2021-11-25,0.02976783234006417
2021-11-26,0.058069990195401315
2021-11-27,0.052918561285282974
2021-11-28,0.052625058774690904
2021-11-29,0.04297210019447609
2021-11-30,0.03701545856034594
2021-12-01,0.03028147216173575
2021-12-02,0.025816660785160216
2021-12-03,0.03347406116402716
2021-12-04,0.04474113307029295
2021-12-05,0.04407380931183089
2021-12-06,0.04374357212290627
2021-12-07,0.036410284412465736
2021-12-08,0.029793001453420495
2021-12-09,0.03780654770746795
2021-12-10,0.031807180000627835
2021-12-11,0.04293472859155176
2021-12-12,0.03544886111186421
2021-12-13,0.049415707629480665
2021-12-14,0.04912145157833724
2021-12-15,0.04057470079035576
2021-12-16,0.03637875853150817
2021-12-17,0.032599047489059264
2021-12-18,0.03100305522595554
2021-12-19,0.02532975820888698
2021-12-20,0.021265408844202166
2021-12-21,0.028354682686475487
2021-12-22,0.02524246985066938
2021-12-23,0.029014036094253272
2021-12-24,0.025890554319828993
2021-12-25,0.023898046892037405
2021-12-26,0.019531715742589478
2021-12-27,0.016468667849501142
2021-12-28,0.038300109728692154
2021-12-29,0.031343466040238584
2021-12-30,0.03133420274364723
2021-12-31,0.026178625089113092
2022-01-01,0.03169887678644799
2022-01-02,0.02659901819384435
2022-01-03,0.023393740988287177
2022-01-04,0.019394809659379546
2022-01-05,0.028207848719198222
2022-01-06,0.02440146855680583
2022-01-07,0.021866840157998325
2022-01-08,0.02287776427581994
2022-01-09,0.021396607169921308
2022-01-10,0.017943375159212464
2022-01-11,0.020658608411905127
2022-01-12,0.02110358864839671
2022-01-13,0.028095845584602038
2022-01-14,0.02420693218771489
2022-01-15,0.019777412668588897
2022-01-16,0.016174466732116928
2022-01-17,0.017325924425347465
2022-01-18,0.015056433147251014
2022-01-19,0.014208412974366477
2022-01-20,0.014440972774767906
2022-01-21,0.05248682998997367
2022-01-22,0.0430060454728425
2022-01-23,0.05321992101398655
2022-01-24,0.04607938692035281
2022-01-25,0.03856657069513053
2022-01-26,0.03149827739549808
2022-01-27,0.02655929445508915
2022-01-28,0.022867276871510897
2022-01-29,0.018953231291472188
2022-01-30,0.01743646578434644
2022-01-31,0.01572358554270725
2022-02-01,0.01284873583701238
2022-02-02,0.030404166383383033
2022-02-03,0.027553289697461864
2022-02-04,0.06322318652990735
2022-02-05,0.055381900843978954
2022-02-06,0.045248342920873603
2022-02-07,0.03748868306014483
2022-02-08,0.0325820026849369
2022-02-09,0.02725969822209649
2022-02-10,0.02889112177939102
2022-02-11,0.028240453453216376
2022-02-12,0.023105524024796063
2022-02-13,0.018885778736467893
2022-02-14,0.017678662015482332
2022-02-15,0.028071473208037778
2022-02-16,0.02811036504274332
2022-02-17,0.05034704987348078
2022-02-18,0.041411419135630845
2022-02-19,0.035812886730526065
2022-02-20,0.03345206636423577
2022-02-21,0.028291114771424274
2022-02-22,0.03905147060908901
2022-02-23,0.033364465281980754
2022-02-24,0.03512107763735015
2022-02-25,0.031038854387918677
2022-02-26,0.025951220199808913
2022-02-27,0.03040125911188876
2022-02-28,0.08016031928993589
2022-03-01,0.06566521433270198
2022-03-02,0.05916654665415145
2022-03-03,0.05580923396008634
2022-03-04,0.06319199941771203
2022-03-05,0.05428643700005391
2022-03-06,0.04464404080802174
2022-03-07,0.036640247805646994
2022-03-08,0.03525352266587228
2022-03-09,0.05275345316646188
2022-03-10,0.062408366855530674
2022-03-11,0.051406997601406976
2022-03-12,0.04238190769889581
2022-03-13,0.036410074177587085
2022-03-14,0.043981368192411614
2022-03-15,0.037119480227246135
2022-03-16,0.03804897518839179
2022-03-17,0.03303449164775271
2022-03-18,0.027576119320197035
2022-03-19,0.022553898462693425
2022-03-20,0.02596375455633824
2022-03-21,0.021514969025622003
2022-03-22,0.02522531987625423
2022-03-23,0.020634920414863773
2022-03-24,0.018600228801780538
2022-03-25,0.015800316314894508
2022-03-26,0.013629121650327041
2022-03-27,0.024171701672120748
2022-03-28,0.02174568528299295
2022-03-29,0.01871171526325719
2022-03-30,0.0191304823257859
2022-03-31,0.026430527286557717
2022-04-01,0.024889972168772895
2022-04-02,0.021195157163171958
2022-04-03,0.019155354286872744
2022-04-04,0.015652604838610355
2022-04-05,0.018917057663869155
2022-04-06,0.029022286998453908
2022-04-07,0.02784451988591314
2022-04-08,0.024185087933810582
2022-04-09,0.025036267471736328
2022-04-10,0.02071501976242846
2022-04-11,0.03337737332310177
2022-04-12,0.034995815994350324
2022-04-13,0.03566954897750462
2022-04-14,0.03292659879390188
2022-04-15,0.030044153246944365
2022-04-16,0.02456518500682273
2022-04-17,0.02153277178543827
2022-04-18,0.025676021214935948
2022-04-19,0.02198766673835502
2022-04-20,0.018980991603714695
2022-04-21,0.020686661092032748
2022-04-22,0.01867065305546869
2022-04-23,0.015296941733653334
2022-04-24,0.013282961394465434
2022-04-25,0.019147558004867424
2022-04-26,0.03689435531481101
2022-04-27,0.038569123426537975
2022-04-28,0.032374453093504924
2022-04-29,0.031522119896955844
2022-04-30,0.027392714984527597
2022-05-01,0.029153412837288506
2022-05-02,0.02386025716444828
2022-05-03,0.022221791445986027
2022-05-04,0.035563283469785864
2022-05-05,0.057569936798302836
2022-05-06,0.047068039362091536
2022-05-07,0.038458785825400535
2022-05-08,0.03390606646769042
2022-05-09,0.05891047532725508
2022-05-10,0.06710346174959754
2022-05-11,0.05785923394612343
2022-05-12,0.05122822586046501
2022-05-13,0.04602567693348577
2022-05-14,0.04372387485998349
2022-05-15,0.04194743718708362
2022-05-16,0.046669441431112714
2022-05-17,0.04056321898967041
2022-05-18,0.04573051368921805
2022-05-19,0.05359624944450073
2022-05-20,0.04935300985392776
2022-05-21,0.04128503631472322
2022-05-22,0.037565768614381524
2022-05-23,0.03954037911625243
2022-05-24,0.0352595467973097
2022-05-25,0.028883904674228175
2022-05-26,0.02425577218951981
2022-05-27,0.0213907468708226
2022-05-28,0.021402174482518216
2022-05-29,0.019554857055096138
2022-05-30,0.04032375665704177
2022-05-31,0.03549165766801629
2022-06-01,0.052764275720548176
2022-06-02,0.04598088380564658
2022-06-03,0.039995016385408665
2022-06-04,0.03337533719257183
2022-06-05,0.02738121727353807
2022-06-06,0.034150043350816714
2022-06-07,0.030347022902718117
2022-06-08,0.031611107010134885
2022-06-09,0.025832925718672482
2022-06-10,0.026324710746894433
2022-06-11,0.021980814839825395
2022-06-12,0.031850080492361814
2022-06-13,0.07475314899602233
2022-06-14,0.06938627239226344
2022-06-15,0.06983720726661541
2022-06-16,0.06791083578825574
2022-06-17,0.06338804231073597
2022-06-18,0.05597542952709172
2022-06-19,0.08243140457886292
2022-06-20,0.06737059663673917
2022-06-21,0.05531322719691278
2022-06-22,0.04899542235483102
2022-06-23,0.05326643339628425
2022-06-24,0.043545765991101236
2022-06-25,0.03559252215276407
2022-06-26,0.033366911346432146
2022-06-27,0.028167754006248092
2022-06-28,0.024758399630604874
2022-06-29,0.020279329820308178
2022-06-30,0.01656404436869919
2022-07-01,0.018586248505453467
2022-07-02,0.017426439948419695
2022-07-03,0.01640818038860595
2022-07-04,0.031285325416198155
2022-07-05,0.026563267677674616
2022-07-06,0.02272596307257603
2022-07-07,0.02800025919736975
2022-07-08,0.026428741698679984
2022-07-09,0.023075004151776327
2022-07-10,0.030111205528267574
2022-07-11,0.03217790224643726
2022-07-12,0.02736731270080738
2022-07-13,0.042431824265268085
2022-07-14,0.03580582260536331
2022-07-15,0.029391547292342547
2022-07-16,0.024523331647853298
2022-07-17,0.025494024970873132
2022-07-18,0.04449645457801405
2022-07-19,0.03731772644657827
2022-07-20,0.03667553297898349
2022-07-21,0.03200869540227795
2022-07-22,0.030998333348198372
2022-07-23,0.025971443318882386
2022-07-24,0.02169606462283862
2022-07-25,0.035212862850835136
2022-07-26,0.03006753630394904
2022-07-27,0.0537012800393719
2022-07-28,0.04530446448179864
2022-07-29,0.039549106886831525
2022-07-30,0.03401592102568398
2022-07-31,0.030294246722949975
2022-08-01,0.024747239335582906
2022-08-02,0.021173890863690953
2022-08-03,0.017374939380365773
2022-08-04,0.014298849338711516
2022-08-05,0.02243868185641902
2022-08-06,0.021477704224104395
2022-08-07,0.01844588485932408
2022-08-08,0.019923650341082302
2022-08-09,0.026078231444942587
2022-08-10,0.028687375183007874
2022-08-11,0.024086122035026573
2022-08-12,0.02084992352663589
2022-08-13,0.01768862314767293
2022-08-14,0.016032194605716237
2022-08-15,0.014518149525341046
2022-08-16,0.012819561307212457
2022-08-17,0.014077272348029145
2022-08-18,0.011623612871569579
2022-08-19,0.05275839070804583
2022-08-20,0.05224421098992248
2022-08-21,0.04768430166107404
2022-08-22,0.03898975058516448
2022-08-23,0.03268535534746255
2022-08-24,0.02677749326185654
2022-08-25,0.023013689982435477
2022-08-26,0.03810290333224029
2022-08-27,0.0316514831149917
2022-08-28,0.02609634196725241
2022-08-29,0.03658124341723069
2022-08-30,0.03217356916202207
2022-08-31,0.0284006524778674
2022-09-01,0.023386033329571915
2022-09-02,0.019698510905987728
2022-09-03,0.016171488450878395
2022-09-04,0.014723106940800368
2022-09-05,0.01322112108389846
2022-09-06,0.027942573247512623
2022-09-07,0.0332685699633379
2022-09-08,0.027326148614487053
2022-09-09,0.0585775227117166
2022-09-10,0.04881026108004299
2022-09-11,0.04090823831239226
2022-09-12,0.033543006034563796
2022-09-13,0.07199572719197876
2022-09-14,0.060011185593773456
2022-09-15,0.049524217767713506
2022-09-16,0.04211343667330406
2022-09-17,0.03687987269476419
2022-09-18,0.0350339080053682
2022-09-19,0.030280387241673937
2022-09-20,0.02882389935175954
2022-09-21,0.023777208825707764
2022-09-22,0.04055137204952615
2022-09-23,0.033562298772760964
2022-09-24,0.029457895946468127
2022-09-25,0.02405290702378234
2022-09-26,0.024529093467202
2022-09-27,0.02089202956596269
2022-09-28,0.01941222765921837
2022-09-29,0.015959703016810965
2022-09-30,0.015368348086756082
2022-10-01,0.013142324076509794
2022-10-02,0.012570892742707243
2022-10-03,0.020904579188763702
2022-10-04,0.022882717560097438
2022-10-05,0.022880594607459406
2022-10-06,0.020878905608049784
2022-10-07,0.021149444179065568
2022-10-08,0.017268825566640382
2022-10-09,0.014572772915139106
2022-10-10,0.013563465557980391
2022-10-11,0.011266329307264388
2022-10-12,0.010981973910678598
2022-10-13,0.011608019574964334
2022-10-14,0.011499665939625587
2022-10-15,0.009577028095961592
2022-10-16,0.010515034469894751
2022-10-17,0.011175694601936301
2022-10-18,0.012853359819161173
2022-10-19,0.011886967599769689
2022-10-20,0.00971431054604624
2022-10-21,0.009579315993305727
2022-10-22,0.007928928409630899
2022-10-23,0.011678869183159545
2022-10-24,0.013812750504379877
2022-10-25,0.022901390936203886
2022-10-26,0.021725359587473847
2022-10-27,0.028810290694638672
2022-10-28,0.023997542572510584
2022-10-29,0.019622572852186226
2022-10-30,0.018613215942034536
2022-10-31,0.016058331729591327
2022-11-01,0.01311227363349453
2022-11-02,0.013678690526410534
2022-11-03,0.012001434107581543
2022-11-04,0.02726873953010575
2022-11-05,0.022503668734736505
2022-11-06,0.024208076624145935
2022-11-07,0.021579658799083936
2022-11-08,0.0557409841777292
2022-11-09,0.07576195880058433
2022-11-10,0.11156731806173943
2022-11-11,0.09136733145900051
2022-11-12,0.0746786019456142
2022-11-13,0.06118255292910409
2022-11-14,0.054285454684766456
2022-11-15,0.046404279284540564
2022-11-16,0.038557649511876346
2022-11-17,0.03169237435396334
2022-11-18,0.025934923226465807
2022-11-19,0.0211955762906774
2022-11-20,0.021546337632620486
2022-11-21,0.02103051499738349
2022-11-22,0.02902433594350968
2022-11-23,0.027030399446093013
2022-11-24,0.022352795679530323
2022-11-25,0.018840074747778532
2022-11-26,0.015618619136897322
2022-11-27,0.012773164086985119
2022-11-28,0.012288953112793051
2022-11-29,0.014201416431482332
2022-11-30,0.024788895301543667
2022-12-01,0.02447804051032056
2022-12-02,0.019986747184056033
2022-12-03,0.019093866989283222
2022-12-04,0.01695623826319281
2022-12-05,0.015382334823625965
2022-12-06,0.013075634187303035
2022-12-07,0.01410003886051668
2022-12-08,0.017888192355598187
2022-12-09,0.015713494834816905
2022-12-10,0.012866258823765412
2022-12-11,0.010678915964843287
2022-12-12,0.00953718894622751
2022-12-13,0.01758064379739474
2022-12-14,0.015433871682654652
2022-12-15,0.0219885907404356
2022-12-16,0.02768966833703371
2022-12-17,0.026062781368013942
2022-12-18,0.021474600539736627
2022-12-19,0.01865977922165123
2022-12-20,0.02490155469992375
2022-12-21,0.020635640107973648
2022-12-22,0.016850591529980412
2022-12-23,0.013829806087341653
2022-12-24,0.011507814302397749
2022-12-25,0.009407031182520549
2022-12-26,0.008092734423924317
2022-12-27,0.010149998830261386
2022-12-28,0.008996196439919769
2022-12-29,0.009143742692169452
2022-12-30,0.007466153800100719
2022-12-31,0.006212924361992
2023-01-01,0.006239826549960006
2023-01-02,0.005415445480241836
2023-01-03,0.004447683999874754
2023-01-04,0.00627293904927457
2023-01-05,0.005779385087331526
2023-01-06,0.005340759814426055
2023-01-07,0.004911349211045931
2023-01-08,0.005963926754912703
2023-01-09,0.00501716112540798
2023-01-10,0.006966569778742333
2023-01-11,0.012153574644334525
2023-01-12,0.02061955983540565
2023-01-13,0.02296580903548103
2023-01-14,0.020153269481363374
2023-01-15,0.028777520296141182
2023-01-16,0.0241931890191763
2023-01-17,0.023637748877527148
2023-01-18,0.027026028782215578
2023-01-19,0.02378222207204219
2023-01-20,0.03953046943286955
2023-01-21,0.03472853228818305
2023-01-22,0.031192374748329893
2023-01-23,0.025554273894856563
2023-01-24,0.024465693747942573
2023-01-25,0.021488805288109543
2023-01-26,0.018469473177873924
2023-01-27,0.015127660914506168
2023-01-28,0.012825074525180256
2023-01-29,0.018376468328148973
2023-01-30,0.03079831744191732
2023-01-31,0.0269410948165581
2023-02-01,0.025681786401742228
2023-02-02,0.023349801005741994
2023-02-03,0.019253715205259727
2023-02-04,0.01598214276684788
2023-02-05,0.015588738544631104
2023-02-06,0.012744194736289632
2023-02-07,0.017811635105376575
2023-02-08,0.016429849956284038
2023-02-09,0.029476761544108887
2023-02-10,0.024763212142779517
2023-02-11,0.024476044832030492
2023-02-12,0.020043412540515337
2023-02-13,0.016586510019325082
2023-02-14,0.01825447590365042
2023-02-15,0.048461876559283135
2023-02-16,0.05295134746066682
2023-02-17,0.04659660119968044
2023-02-18,0.03937808662053536
2023-02-19,0.03585196867431879
2023-02-20,0.03075518266290857
2023-02-21,0.02889560241698469
2023-02-22,0.02462132198552176
2023-02-23,0.020525907877252808
2023-02-24,0.022062636979366772
2023-02-25,0.01921253314125868
2023-02-26,0.021073254516054032
2023-02-27,0.01723537578515025
2023-02-28,0.015800669147435498
2023-03-01,0.019125165767713663
2023-03-02,0.016470021963666277
2023-03-03,0.028732270257865358
2023-03-04,0.02493616957245396
2023-03-05,0.02179900426235068
2023-03-06,0.018009485464355154
2023-03-07,0.014951178572771381
2023-03-08,0.014942763680807892
2023-03-09,0.030165476151317552
2023-03-10,0.026498024555099278
2023-03-11,0.029421165920523896
2023-03-12,0.04983413311359904
2023-03-13,0.056523443724999886
2023-03-14,0.047270197294294235
2023-03-15,0.04718002071701249
2023-03-16,0.03890560621949909
2023-03-17,0.04848062860944279
2023-03-18,0.05172517421725367
2023-03-19,0.04293584020802312
2023-03-20,0.040436276941899475
2023-03-21,0.03303997616248551
2023-03-22,0.036405284409147004
2023-03-23,0.03571450194864194
2023-03-24,0.03684738039156656
2023-03-25,0.03010398498818481
2023-03-26,0.02658954371968063
2023-03-27,0.02883565668353384
2023-03-28,0.024326658507696528
2023-03-29,0.02968303170578849
2023-03-30,0.026998235901002858
2023-03-31,0.022900491986029448
2023-04-01,0.019174720834482167
2023-04-02,0.0175034392700207
2023-04-03,0.015910557486172757
2023-04-04,0.015933197856709127
2023-04-05,0.013025559108024137
2023-04-06,0.011069986943663835
2023-04-07,0.009235285700135269
2023-04-08,0.007739497062312707
2023-04-09,0.010021245305829943
2023-04-10,0.02333918434682627
2023-04-11,0.01906575155488854
2023-04-12,0.02161794354090463
2023-04-13,0.018093377242461524
2023-04-14,0.015367752104144239
2023-04-15,0.014575451396876127
2023-04-16,0.012035670149968519
2023-04-17,0.01945847037663232
2023-04-18,0.026311915628827252
2023-04-19,0.037683294065306384
2023-04-20,0.03088349500052222
2023-04-21,0.02719243606614155
2023-04-22,0.03157185769140886
2023-04-23,0.025778376960011336
2023-04-24,0.021235792508816645
2023-04-25,0.025225431299732242
2023-04-26,0.02060453880526667
2023-04-27,0.023737124657769147
2023-04-28,0.022276587649374027
2023-04-29,0.019120600521020395
2023-04-30,0.015798069684521302
2023-05-01,0.026452826850907475
2023-05-02,0.027618909612458168
2023-05-03,0.023556043654065887
2023-05-04,0.019975907355246063
2023-05-05,0.020182298356372433
2023-05-06,0.022975754184610002
2023-05-07,0.019851264959700573
2023-05-08,0.01955476525386639
2023-05-09,0.017142585051239456
2023-05-10,0.014662955844213055
2023-05-11,0.014797536988979794
2023-05-12,0.012442139928923245
2023-05-13,0.011321191093973138
2023-05-14,0.011308114946361143
2023-05-15,0.011185554489527669
2023-05-16,0.009629450090352787
2023-05-17,0.010976405458231163
2023-05-18,0.016163559005297375
2023-05-19,0.013666374086720005
2023-05-20,0.01246104921059265
2023-05-21,0.012689208776659636
2023-05-22,0.011064459068036783
2023-05-23,0.011943771260979433
2023-05-24,0.021842311111471512
2023-05-25,0.019305994646741386
2023-05-26,0.01710466497594268
2023-05-27,0.014233123910996104
2023-05-28,0.025015608776443175
2023-05-29,0.025153918913127116
2023-05-30,0.02099966669309482
2023-05-31,0.020597675770568244
2023-06-01,0.017846818724554934
2023-06-02,0.018848503801407606
2023-06-03,0.01582244814263257
2023-06-04,0.01304507907673693
2023-06-05,0.029362088711569576
2023-06-06,0.04606434573523185
2023-06-07,0.04317857374871589
2023-06-08,0.03586167646048902
2023-06-09,0.02929151541074676
2023-06-10,0.02670796756513078
2023-06-11,0.02278924776203931
2023-06-12,0.018746629186835166
2023-06-13,0.015513526642285353
2023-06-14,0.020048078661583184
2023-06-15,0.022915948430125673
2023-06-16,0.024669093473437903
2023-06-17,0.02016715962712903
2023-06-18,0.01814746222656882
2023-06-19,0.017053346174642332
2023-06-20,0.02741100430381511
2023-06-21,0.028878530374809492
2023-06-22,0.031075398296212607
2023-06-23,0.025487048128236146
2023-06-24,0.025741985624735866
2023-06-25,0.0226522638436418
2023-06-26,0.02010850485221373
2023-06-27,0.017301842577810977
2023-06-28,0.020150723932261826
2023-06-29,0.018094676316114302
2023-06-30,0.0148076636535178
2023-07-01,0.012122118191438524
2023-07-02,0.00993376105900962
2023-07-03,0.011463114537787934
2023-07-04,0.014016771257231683
2023-07-05,0.012419991184881525
2023-07-06,0.013792979190547037
2023-07-07,0.016650305395553296
2023-07-08,0.013614503964942563
2023-07-09,0.01123122807026911
2023-07-10,0.010671451624325787
2023-07-11,0.009185950648735062
2023-07-12,0.009530510294259852
2023-07-13,0.020141555044877784
2023-07-14,0.030279605397640085
2023-07-15,0.02481688320737004
2023-07-16,0.02027970653554148
2023-07-17,0.016558549300489063
2023-07-18,0.013921097267140047
2023-07-19,0.011914276872399307
2023-07-20,0.009737488686060392
2023-07-21,0.008661689285694694
2023-07-22,0.007210798821364522
2023-07-23,0.008452733232476537
2023-07-24,0.018529698318020787
2023-07-25,0.016139726814365707
2023-07-26,0.014100136108057026
2023-07-27,0.011574595987454766
2023-07-28,0.009969050321748637
2023-07-29,0.008222868196217181
2023-07-30,0.006822046063832512
2023-07-31,0.005584186710011684
2023-08-01,0.010168669452340674
2023-08-02,0.014363439069332806
2023-08-03,0.01184059995641692
2023-08-04,0.009680229438098069
2023-08-05,0.007911833046145705
2023-08-06,0.0065875444290674715
2023-08-07,0.006055687263468891
2023-08-08,0.010829057419257434
2023-08-09,0.011228223652370278
2023-08-10,0.009820753501083235
2023-08-11,0.008042972343443946
2023-08-12,0.006569783677399565
2023-08-13,0.005803627003305151
2023-08-14,0.005646876879351191
2023-08-15,0.006362983067051769
2023-08-16,0.008971887597243641
2023-08-17,0.03720617597225887
2023-08-18,0.030700210948461374
2023-08-19,0.029355964488748353
2023-08-20,0.02640177956480356
2023-08-21,0.021980704449177522
2023-08-22,0.018149372721050175
2023-08-23,0.01833636729771792
2023-08-24,0.015925292106239303
2023-08-25,0.013039732294265579
2023-08-26,0.010685423478463464
2023-08-27,0.00928416660621465
2023-08-28,0.0076202363269605436
2023-08-29,0.032025249750393406
2023-08-30,0.031915322410332396
2023-08-31,0.04060351194460168
2023-09-01,0.033325764035514474
2023-09-02,0.02793956868610401
2023-09-03,0.023349952880664458
2023-09-04,0.019140987218440503
2023-09-05,0.015669151160810798
2023-09-06,0.012817979455283235
2023-09-07,0.015339447915432314
2023-09-08,0.015730535033219892
2023-09-09,0.01285130602547371
2023-09-10,0.01051989976843703
2023-09-11,0.015844229594256607
2023-09-12,0.023121947930605003
2023-09-13,0.019967884065409267
2023-09-14,0.016511867792688782
2023-09-15,0.013756397207863466
2023-09-16,0.011976249291675558
2023-09-17,0.01012075703117778
2023-09-18,0.008992771064377953
2023-09-19,0.009780659993329928
2023-09-20,0.010043815755187951
2023-09-21,0.01565961045639322
2023-09-22,0.012987572516713931
2023-09-23,0.010671696661278617
2023-09-24,0.010387982146791574
2023-09-25,0.009334684416983806
2023-09-26,0.007624400281153277
2023-09-27,0.007720787077217988
2023-09-28,0.014279774865462246
2023-09-29,0.013346794403111751
2023-09-30,0.010943939763709833
2023-10-01,0.02009623466871611
2023-10-02,0.023786315215400457
2023-10-03,0.01970393755707397
2023-10-04,0.017106184153059322
2023-10-05,0.017108459469153008
2023-10-06,0.017393552050036704
2023-10-07,0.014424778250389594
2023-10-08,0.012132990716989854
2023-10-09,0.012367635349880767
2023-10-10,0.010418041672108783
2023-10-11,0.011588331908191208
2023-10-12,0.009779464444202903
2023-10-13,0.00995085899493009
2023-10-14,0.0083131808926434
2023-10-15,0.009929947231867716
2023-10-16,0.025762800881918315
2023-10-17,0.023807749956498127
2023-10-18,0.020627713667669977
2023-10-19,0.017331122913699728
2023-10-20,0.019012469083935907
2023-10-21,0.016169724099455773
2023-10-22,0.014429168965932987
2023-10-23,0.04762636312027933
2023-10-24,0.039565981173961096
2023-10-25,0.03365971889418051
2023-10-26,0.03424014259121302
2023-10-27,0.03056282562151086
2023-10-28,0.024987236438953172
2023-10-29,0.02062896535219733
2023-10-30,0.017744518083390542
2023-10-31,0.014494514021924226
2023-11-01,0.014844933224771805
2023-11-02,0.0177556025349604
2023-11-03,0.015291375900841855
2023-11-04,0.013593484971904437
2023-11-05,0.01135285562108276
2023-11-06,0.009275150598377352
2023-11-07,0.008836563697175675
2023-11-08,0.007298580403492583
2023-11-09,0.014368409482925459
2023-11-10,0.011837950805703282
2023-11-11,0.013857587413961954
2023-11-12,0.01242138377404194
2023-11-13,0.015035729415744844
2023-11-14,0.017256390532808183
2023-11-15,0.04090225459752769
2023-11-16,0.04602890480992813
2023-11-17,0.03877533697313431
2023-11-18,0.0316705753305528
2023-11-19,0.028261183923422615
2023-11-20,0.02320330413253301
2023-11-21,0.03336716584029211
2023-11-22,0.04074755227486493
2023-11-23,0.033710490047281313
2023-11-24,0.0277968524679074
2023-11-25,0.022819208311749616
2023-11-26,0.019969101643657953
2023-11-27,0.01658017726985406
2023-11-28,0.016242022630156144
2023-11-29,0.013358967137158265
2023-11-30,0.011423510973426686
2023-12-01,0.015825338910333858
2023-12-02,0.014105531169382972
2023-12-03,0.01152211339636
2023-12-04,0.02144198550162602
2023-12-05,0.021444610916364848
2023-12-06,0.027325915151725857
2023-12-07,0.027565071601166547
2023-12-08,0.023282790997500746
2023-12-09,0.0226618077452876
2023-12-10,0.018592898761186305
2023-12-11,0.036846592500000996
2023-12-12,0.03242940090320263
2023-12-13,0.034572022249688444
2023-12-14,0.0282324185899783
2023-12-15,0.02785654716481421
2023-12-16,0.02386461464674382
2023-12-17,0.02227556283273563
2023-12-18,0.027244383511901105
2023-12-19,0.02341605385096134
2023-12-20,0.025550188992127052
2023-12-21,0.02114720000206695
2023-12-22,0.01758756959501215
2023-12-23,0.01585711856038976
2023-12-24,0.016308201723500178
2023-12-25,0.016155913920262496
2023-12-26,0.01929952185735663
2023-12-27,0.021728552757334388
2023-12-28,0.02137095952204429
2023-12-29,0.01780212441944952
2023-12-30,0.015293304644703257
2023-12-31,0.013124565485199574
2024-01-01,0.026304593027156764
2024-01-02,0.021568044646979118
2024-01-03,0.03740430881873962
2024-01-04,0.036001766323795106
2024-01-05,0.029567524916450195
2024-01-06,0.02449889347724521
2024-01-07,0.020035429874028222
2024-01-08,0.03843443998591422
2024-01-09,0.037986543288037064
2024-01-10,0.031049207479194183
2024-01-11,0.02683264915331349
2024-01-12,0.04949181443282635
2024-01-13,0.042543539646932506
2024-01-14,0.03522393331932948
2024-01-15,0.034892255033631435
2024-01-16,0.03059050885175145
2024-01-17,0.02542037616885361
2024-01-18,0.026746259869925827
2024-01-19,0.024507534628541005
2024-01-20,0.020344434248252233
2024-01-21,0.016619152037002663
2024-01-22,0.027863873912406526
2024-01-23,0.02686750427560767
2024-01-24,0.023224430896756548
2024-01-25,0.01898821574854178
2024-01-26,0.030525144977830876
2024-01-27,0.025074643735321128
2024-01-28,0.021536976696322277
2024-01-29,0.02150264428150173
2024-01-30,0.02119790249785857
2024-01-31,0.01904671146582513
2024-02-01,0.01644260677296793
2024-02-02,0.01347878463511872
2024-02-03,0.011904790325510188
2024-02-04,0.011417604027514574
2024-02-05,0.009744021016639832
2024-02-06,0.00946601391444073
2024-02-07,0.015731213363130946
2024-02-08,0.013820416406221942
2024-02-09,0.017513315817322243
2024-02-10,0.015228537213541617
2024-02-11,0.013168708930062754
2024-02-12,0.013671208080087741
2024-02-13,0.017931182450708134
2024-02-14,0.020757820814419972
2024-02-15,0.02025702012794914
2024-02-16,0.017522216130925257
2024-02-17,0.018182638018671468
2024-02-18,0.01504490578891226
2024-02-19,0.014180571238657087
2024-02-20,0.012206031005499914
2024-02-21,0.011884687173538919
2024-02-22,0.011358869938231805
2024-02-23,0.01003255689266552
2024-02-24,0.01417030816654638
2024-02-25,0.011601725992470141
2024-02-26,0.027868090902789286
2024-02-27,0.026931792930927168
2024-02-28,0.03967593139821108
2024-02-29,0.048963336763166394
2024-03-01,0.04006610187025037
2024-03-02,0.03636808534771255
2024-03-03,0.029783100680112376
2024-03-04,0.041183936607087836
2024-03-05,0.06461233850608364
2024-03-06,0.05588421218764463
2024-03-07,0.0456372659295402
2024-03-08,0.03744113628080614
2024-03-09,0.031206473087138722
2024-03-10,0.025489720489518405
2024-03-11,0.027473869635771885
2024-03-12,0.027542609202713463
2024-03-13,0.023215161624998686
2024-03-14,0.027745482889400735
2024-03-15,0.02736904720960292
2024-03-16,0.03657232136885256
2024-03-17,0.04827860015314145
2024-03-18,0.03975707900503164
2024-03-19,0.05432595259808246
2024-03-20,0.0787960159118835
2024-03-21,0.0683435494930254
2024-03-22,0.056833056532505484
2024-03-23,0.04714208977656462
2024-03-24,0.04869091103364989
2024-03-25,0.04233041191532992
2024-03-26,0.03598780589111261
2024-03-27,0.03152294990697798
2024-03-28,0.026464452156971154
2024-03-29,0.02507281752791991
2024-03-30,0.020774966525467224
2024-03-31,0.020998345254929662
2024-04-01,0.023897887504824456
2024-04-02,0.03711423500268316
2024-04-03,0.03409396415359353
2024-04-04,0.03823163125857199
2024-04-05,0.03210048088238022
2024-04-06,0.027542011663746584
2024-04-07,0.022505578581861016
2024-04-08,0.023070521229239603
2024-04-09,0.032207591931449335
2024-04-10,0.02903650432739821
2024-04-11,0.02491976272075309
2024-04-12,0.030447628893300605
2024-04-13,0.031027391008550516
2024-04-14,0.03734468260118359
2024-04-15,0.03361505493200787
2024-04-16,0.029943069453401427
2024-04-17,0.02939615236836097
2024-04-18,0.03753368606946422
2024-04-19,0.030855558741968363
2024-04-20,0.0266538835147152
2024-04-21,0.02202443195310567
2024-04-22,0.02205316691603877
2024-04-23,0.02046370154915721
2024-04-24,0.026376598240878596
2024-04-25,0.02216389234873642
2024-04-26,0.018578388886086185
2024-04-27,0.015182328919089107
2024-04-28,0.01239684050236474
2024-04-29,0.013637365855716116
2024-04-30,0.029345852184469303
2024-05-01,0.026574389982809598
2024-05-02,0.028850550048445344
2024-05-03,0.045969696617179256
2024-05-04,0.03757130543576891
2024-05-05,0.031316115486263583
2024-05-06,0.02833272383655858
2024-05-07,0.02457213715181663
2024-05-08,0.021565001985951914
2024-05-09,0.026824265153064963
2024-05-10,0.03091500679863505
2024-05-11,0.025738759001406167
2024-05-12,0.022783847774604897
2024-05-13,0.02243054169655554
2024-05-14,0.024003883863777102
2024-05-15,0.04399870623118531
2024-05-16,0.0409857895416121
2024-05-17,0.034626447184620386
2024-05-18,0.029726747131408545
2024-05-19,0.026382961073970077
2024-05-20,0.043498053633636694
2024-05-21,0.042910305388434856
2024-05-22,0.03766217987586941
2024-05-23,0.032653856931041565
2024-05-24,0.027409600264446502
2024-05-25,0.023027229065639095
2024-05-26,0.020447686411271492
2024-05-27,0.018397109934399785
2024-05-28,0.017981381255183178
2024-05-29,0.015335658970725679
2024-05-30,0.014994712694751692
2024-05-31,0.013734191878757029
2024-06-01,0.011878647145120444
2024-06-02,0.009734777571742322
2024-06-03,0.011729821063015605
2024-06-04,0.014406906457978546
2024-06-05,0.011878843223461487
2024-06-06,0.012346826134328776
2024-06-07,0.016973318149800784
2024-06-08,0.013930193249801716
2024-06-09,0.01200616642542305
2024-06-10,0.009837013689690689
2024-06-11,0.018685303195033573
2024-06-12,0.020227937032343185
2024-06-13,0.019395371143507367
2024-06-14,0.015863301866560833
2024-06-15,0.01455376585248349
2024-06-16,0.013551557559660723
2024-06-17,0.011080033575751689
2024-06-18,0.013235292437392136
2024-06-19,0.011108221358282757
2024-06-20,0.009406531023473809
2024-06-21,0.008409513532387754
2024-06-22,0.00827830234224014
2024-06-23,0.009439330429749487
2024-06-24,0.02198685828797134
2024-06-25,0.03015640391457321
2024-06-26,0.02512362375165345
2024-06-27,0.02376275690329056
2024-06-28,0.02195546466932153
2024-06-29,0.020075500317543234
2024-06-30,0.023173060894525175
2024-07-01,0.01919172279898689
2024-07-02,0.018408894081517673
2024-07-03,0.022392856328376513
2024-07-04,0.029275064890653048
2024-07-05,0.02563132067594611
2024-07-06,0.032428162336055014
2024-07-07,0.0332452951350205
2024-07-08,0.03178777884005347
2024-07-09,0.030113653990086517
2024-07-10,0.025098262255196794
2024-07-11,0.02086838854059218
2024-07-12,0.018041925824364355
2024-07-13,0.01824710000383537
2024-07-14,0.017585607119852048
2024-07-15,0.029011234173794264
2024-07-16,0.027303157577266153
2024-07-17,0.029587702085167963
2024-07-18,0.024889554302398614
2024-07-19,0.02740962150460324
2024-07-20,0.023050282883224707
2024-07-21,0.018827880445099265
2024-07-22,0.01984897991915247
2024-07-23,0.022813632944124366
2024-07-24,0.01880705084474234
2024-07-25,0.016550072904301768
2024-07-26,0.021974570192066473
2024-07-27,0.01866858512196749
2024-07-28,0.015255150470095813
2024-07-29,0.019177935834628262
2024-07-30,0.01594611607863673
2024-07-31,0.016326068630983844
2024-08-01,0.01786368572654024
2024-08-02,0.03336579195433707
2024-08-03,0.027723547437395215
2024-08-04,0.025701447172836654
2024-08-05,0.03229826118239888
2024-08-06,0.04939195090223809
2024-08-07,0.040329021112877624
2024-08-08,0.07533217713264294
2024-08-09,0.06509427870799997
2024-08-10,0.053506016771633934
2024-08-11,0.05000784524629621
2024-08-12,0.041794239891917384
2024-08-13,0.035912308545241516
2024-08-14,0.03564674744621437
2024-08-15,0.029946595891063847
2024-08-16,0.03020721719703472
2024-08-17,0.02521619902369377
2024-08-18,0.02359110216330932
2024-08-19,0.022123610878203116
2024-08-20,0.018902377705386025
2024-08-21,0.02437057162199072
2024-08-22,0.02376111232827109
2024-08-23,0.035007438532830386
2024-08-24,0.030492211785598113
2024-08-25,0.026015485858939418
2024-08-26,0.02723654606983017
2024-08-27,0.03682669157927625
2024-08-28,0.03077107235589869
2024-08-29,0.027279002954628616
2024-08-30,0.022372673722246456
2024-08-31,0.018394105867265254
2024-09-01,0.019465308184161926
2024-09-02,0.028349509704878012
2024-09-03,0.028017179884812258
2024-09-04,0.024493004347682836
2024-09-05,0.025068144982855926
2024-09-06,0.025233903238824185
2024-09-07,0.02452903501574193
2024-09-08,0.024321929151078097
2024-09-09,0.030240094659327813
2024-09-10,0.024691764793732886
2024-09-11,0.021711010110521498
2024-09-12,0.018317092525578445
2024-09-13,0.02252739296906554
2024-09-14,0.023243029716357288
2024-09-15,0.022821113026043546
2024-09-16,0.020726687195665745
2024-09-17,0.026871315341057512
2024-09-18,0.0232602635717605
2024-09-19,0.019183543732481514
2024-09-20,0.016817990471336523
2024-09-21,0.014601982348825215
2024-09-22,0.012209926610823804
2024-09-23,0.01145778094960302
2024-09-24,0.011028712912344
2024-09-25,0.015746506582828907
2024-09-26,0.021464150551269726
2024-09-27,0.01752899055935472
2024-09-28,0.014952636291612732
2024-09-29,0.013450045638678128
2024-09-30,0.023086018027400703
2024-10-01,0.024957851628420118
2024-10-02,0.02233945201835975
2024-10-03,0.02006410631158866
2024-10-04,0.022980498247672128
2024-10-05,0.018786795880423427
2024-10-06,0.016487705073693376
2024-10-07,0.015373729128414981
2024-10-08,0.012561184720012032
2024-10-09,0.016447557302672004
2024-10-10,0.013551669389415336
2024-10-11,0.025435059286235226
2024-10-12,0.02085075611375803
2024-10-13,0.018467284277132418
2024-10-14,0.028612865044351544
2024-10-15,0.02346822256942884
2024-10-16,0.019816291482900626
2024-10-17,0.018606035190018654
2024-10-18,0.01553145744196232
2024-10-19,0.01404597616807396
2024-10-20,0.011550744245891073
2024-10-21,0.019340460637630445
2024-10-22,0.01590627666286936
2024-10-23,0.013938554224802049
2024-10-24,0.01846082546072036
2024-10-25,0.020562800380061523
2024-10-26,0.017668716365537938
2024-10-27,0.016404446095996377
2024-10-28,0.01851573194131097
2024-10-29,0.020736241510632178
2024-10-30,0.0218927156646333
2024-10-31,0.02802014490236078
2024-11-01,0.02346559125126143
2024-11-02,0.019226604866518206
2024-11-03,0.015908830734819288
2024-11-04,0.013681098389237293
2024-11-05,0.019491471692644587
2024-11-06,0.04685840456079094
2024-11-07,0.0406535302332487
2024-11-08,0.03385168679575583
2024-11-09,0.028715155478694562
2024-11-10,0.02983165340182525
2024-11-11,0.04613032612985651
2024-11-12,0.0479691728419667
2024-11-13,0.039189057399533364
2024-11-14,0.046180924013216745
2024-11-15,0.04169711042759287
2024-11-16,0.03631098557174379
2024-11-17,0.031321884267421565
2024-11-18,0.025597401052343725
2024-11-19,0.02231600453191604
2024-11-20,0.019099385023760976
2024-11-21,0.02144282236615303
2024-11-22,0.019767551948563316
2024-11-23,0.02253842499450116
2024-11-24,0.018602531098904727
2024-11-25,0.03366721769580446
2024-11-26,0.027508111679809374
2024-11-27,0.036296861951311384
2024-11-28,0.02991522223623713
2024-11-29,0.025830445710192416
2024-11-30,0.02335478633462502
2024-12-01,0.019346404011004428
2024-12-02,0.018380781521311194
2024-12-03,0.01505009027642727
2024-12-04,0.019814414735710873
2024-12-05,0.020962720493220583
2024-12-06,0.022722308584167596
2024-12-07,0.0190992997903469
2024-12-08,0.015918690462892737
2024-12-09,0.028124070892858195
2024-12-10,0.022963222557187857
2024-12-11,0.03361404290143283
2024-12-12,0.029734445979206204
2024-12-13,0.0249331892126059
2024-12-14,0.020685611048409457
2024-12-15,0.021413154833510674
2024-12-16,0.01752314335226509
2024-12-17,0.01585379146864988
2024-12-18,0.03752955401978124
2024-12-19,0.03162175217982302
2024-12-20,0.028173041079865294
2024-12-21,0.023183645618891906
2024-12-22,0.02012505147370754
2024-12-23,0.017261400468445653
2024-12-24,0.029412135694280563
2024-12-25,0.024024691462827957
2024-12-26,0.030430854542321036
2024-12-27,0.025189400855383372
2024-12-28,0.023362270476677525
2024-12-29,0.02028023783859362
2024-12-30,0.01660428230910228
2024-12-31,0.01625149250958475
2025-01-01,0.015111501823211306
2025-01-02,0.01742033573116629
2025-01-03,0.014297883527075068
2025-01-04,0.01278216344155431
2025-01-05,0.010845937265541046
2025-01-06,0.01971456024369298
2025-01-07,0.03994608612151004
2025-01-08,0.03332075341154472
2025-01-09,0.02842671117284877
2025-01-10,0.03118932206274647
2025-01-11,0.02548377911096063
2025-01-12,0.020832946617442224
2025-01-13,0.017036177197152096
2025-01-14,0.018271892052818334
2025-01-15,0.02321709301588081
2025-01-16,0.02237260696884644
2025-01-17,0.02421187257224629
2025-01-18,0.021370706779181316
2025-01-19,0.029949551235632522
2025-01-20,0.024977866144070104
2025-01-21,0.02735622398504231
2025-01-22,0.029804830875502838
2025-01-23,0.024335842628130506
2025-01-24,0.020248126633029762
2025-01-25,0.016780366845561764
2025-01-26,0.01828283066767272
2025-01-27,0.014927889241617934
2025-01-28,0.0122401859830492
2025-01-29,0.018399978951576964
2025-01-30,0.01531598187807449
2025-01-31,0.01929131815766998
2025-02-01,0.01741773706570829
2025-02-02,0.018129643200402973
2025-02-03,0.03107271772970206
2025-02-04,0.032232955945350125
2025-02-05,0.026325302509692793
2025-02-06,0.02219020531140663
2025-02-07,0.018498696893126103
2025-02-08,0.015295013831543757
2025-02-09,0.012654396893849897
2025-02-10,0.012221064945036709
2025-02-11,0.014076157128704461
2025-02-12,0.01794720983409609
2025-02-13,0.017216132404419316
2025-02-14,0.015153953369236906
2025-02-15,0.012392827914221107
2025-02-16,0.013370028895106788
2025-02-17,0.010918729290730176
2025-02-18,0.009025225340585228
2025-02-19,0.010070744834358741
2025-02-20,0.011629801794404725
2025-02-21,0.017755785428494306
2025-02-22,0.014919458001471247
2025-02-23,0.012247866737610483
2025-02-24,0.027538803879466126
2025-02-25,0.023701248443177492
2025-02-26,0.024611156847027176
2025-02-27,0.028164526010289383
2025-02-28,0.02436765277392039
2025-03-01,0.02697485334181134
2025-03-02,0.054209229118219675
2025-03-03,0.07618982993724199
2025-03-04,0.06338340631156729
2025-03-05,0.055982624350042684
2025-03-06,0.046666734031286454
2025-03-07,0.04350875145899039
2025-03-08,0.03554301354517553
2025-03-09,0.04200863653383208
2025-03-10,0.034300927081789424
2025-03-11,0.05101067021196796
2025-03-12,0.04193034290918172
2025-03-13,0.038634776008797486
2025-03-14,0.038908799708457655
2025-03-15,0.0317816420500385
2025-03-16,0.02946840188546081
2025-03-17,0.026420398030167287
2025-03-18,0.023775274569497004
2025-03-19,0.0334244313174692
2025-03-20,0.036149638499708286
2025-03-21,0.029520065066706312
2025-03-22,0.02412542910952345
2025-03-23,0.024622607906180174
2025-03-24,0.0206100003646336
2025-03-25,0.017936048166564106
2025-03-26,0.01599344203005521
2025-03-27,0.013072087717610134
2025-03-28,0.021619070841895103
2025-03-29,0.01880920261327991
2025-03-30,0.016221363101779688
2025-03-31,0.014605290280957575
2025-04-01,0.02283736652148739
2025-04-02,0.027359952170881382
2025-04-03,0.02362740855874368
2025-04-04,0.019920896099786055
2025-04-05,0.01657196772157541
2025-04-06,0.03580888419239211
2025-04-07,0.03335622616665939
2025-04-08,0.03038051498508794
2025-04-09,0.05765233407340044
2025-04-10,0.05407271334038299
2025-04-11,0.051486970981575085
2025-04-12,0.04228526793216536
2025-04-13,0.03893621248724849
2025-04-14,0.0319028931579755
2025-04-15,0.02768143585910289
2025-04-16,0.02270118867731186
2025-04-17,0.019124313585069656
2025-04-18,0.016564702406248633
2025-04-19,0.013854446064073647
2025-04-20,0.011366389543029671
2025-04-21,0.0158855803344116
2025-04-22,0.03164592247014076
2025-04-23,0.02933775356875249
2025-04-24,0.025601483276592313
2025-04-25,0.02127725517288988
2025-04-26,0.018508930222852698
2025-04-27,0.017648004929184263
2025-04-28,0.01556599133251836
2025-04-29,0.013062043439813358
2025-04-30,0.01245278966425508
2025-05-01,0.010168052980573182
2025-05-02,0.014732398891054165
2025-05-03,0.012143442518061435
2025-05-04,0.013090162260257969
2025-05-05,0.014261423926542864
2025-05-06,0.012656380487798725
2025-05-07,0.016161413013221562
2025-05-08,0.013396476076147665
2025-05-09,0.03137191194705022
2025-05-10,0.028661188117899795
2025-05-11,0.023406709468485404
2025-05-12,0.02223704146229834
2025-05-13,0.020754307990435244
2025-05-14,0.017861999021329067
2025-05-15,0.015727137935726013
2025-05-16,0.012845883053746983
2025-05-17,0.010608655192697353
2025-05-18,0.008897935509118916
2025-05-19,0.016301627245990047
2025-05-20,0.014798406767349304
2025-05-21,0.012560098482198264
2025-05-22,0.01472382724030337
2025-05-23,0.012195248145291238
2025-05-24,0.030276696106310303
2025-05-25,0.025198372259529814
2025-05-26,0.021234779523244516
2025-05-27,0.017365927380490913
2025-05-28,0.014564830681374999
2025-05-29,0.013652584226693567
2025-05-30,0.014214949045690298
2025-05-31,0.012366411617867154
2025-06-01,0.013719559449274063
2025-06-02,0.013706129232516469
2025-06-03,0.011236748849293848
2025-06-04,0.009493997658756482
2025-06-05,0.008144285540050216
2025-06-06,0.0161291638404701
2025-06-07,0.02433508841008452
2025-06-08,0.02072944458710493
2025-06-09,0.01709310719301651
2025-06-10,0.024933160451686517
2025-06-11,0.02216499745611244
2025-06-12,0.02227805129031723
2025-06-13,0.023288790646141665
2025-06-14,0.019410520260559037
2025-06-15,0.015857663445827192
2025-06-16,0.013247977936885098
2025-06-17,0.013720437916309029
2025-06-18,0.01685806352862253
2025-06-19,0.014108299589018897
2025-06-20,0.011644815506965443
2025-06-21,0.011137731027632759
2025-06-22,0.010793549371258952
2025-06-23,0.008961932798801508
2025-06-24,0.02935538357441361
2025-06-25,0.024102219712830216
2025-06-26,0.01980608844305699
2025-06-27,0.017249704972590003
2025-06-28,0.01426800677850312
2025-06-29,0.011673672324891308
2025-06-30,0.010141500660860617
2025-07-01,0.012285496976232432
2025-07-02,0.012463853566788897
2025-07-03,0.02101096419458787
2025-07-04,0.017156824158266835
2025-07-05,0.017914720199239422
2025-07-06,0.014659965550691925
2025-07-07,0.012833434615384462
2025-07-08,0.012166695081698787
2025-07-09,0.01052443098963956
2025-07-10,0.01357838348536136
2025-07-11,0.02010208284940068
2025-07-12,0.0165744282926444
2025-07-13,0.01674182597652191
2025-07-14,0.013772606742679229
2025-07-15,0.011716690487419162
2025-07-16,0.017722631692108037
2025-07-17,0.01512200212153507
2025-07-18,0.012409399402458552
2025-07-19,0.013369896498936466
2025-07-20,0.010919577525385237
2025-07-21,0.009214254077410722
2025-07-22,0.007882464452618745
2025-07-23,0.013209644984348881
2025-07-24,0.014145173883943507
2025-07-25,0.011641526062217508
2025-07-26,0.010091077941663031
2025-07-27,0.008857567408409376
2025-07-28,0.00990894646178409
2025-07-29,0.011554922614140272
2025-07-30,0.00943525382708149
2025-07-31,0.007731830794004058
2025-08-01,0.011076325197304384
2025-08-02,0.011936503315919389
2025-08-03,0.01019304116756574
2025-08-04,0.015273435612592201
2025-08-05,0.01351641084276173
2025-08-06,0.012325526975947474
2025-08-07,0.011281101106469621
2025-08-08,0.013860156369013207
2025-08-09,0.013662391509283646
2025-08-10,0.011414671535425547
2025-08-11,0.01481682553405034
2025-08-12,0.013892873615743996
2025-08-13,0.012005686890154863
2025-08-14,0.01461725517224787
2025-08-15,0.032061323616606414
2025-08-16,0.026265408931137775
2025-08-17,0.021827004438575038
2025-08-18,0.01795334898179868
2025-08-19,0.015345696135756032
2025-08-20,0.018225171514844783
2025-08-21,0.020451315700286063
2025-08-22,0.01775684485503156
2025-08-23,0.028767495931391215
2025-08-24,0.02570964601275712
2025-08-25,0.022963636920030894
2025-08-26,0.02243910319935434
2025-08-27,0.023555398018880222
2025-08-28,0.019256841319041967
2025-08-29,0.017869235393245475
2025-08-30,0.024599191745155777
2025-08-31,0.02145952105169003
2025-09-01,0.01755052309706319
2025-09-02,0.016242708225923382
2025-09-03,0.016846512375781462
2025-09-04,0.013758568903656124
2025-09-05,0.013423016539922367
2025-09-06,0.01097215719578307
2025-09-07,0.0092273955180377
2025-09-08,0.009088429753069253
2025-09-09,0.008086285651033993
2025-09-10,0.007895169487887762
2025-09-11,0.012504209268938367
2025-09-12,0.010590009663884488
2025-09-13,0.00891087893959031
2025-09-14,0.008993121075359886
2025-09-15,0.00910488180496653
2025-09-16,0.007472894151067928
2025-09-17,0.008271873704247116
2025-09-18,0.0077811821533210895
2025-09-19,0.006637838378861223
2025-09-20,0.010144144705042836
2025-09-21,0.008384145232630197
2025-09-22,0.006964345333027613
2025-09-23,0.012413721946756105
2025-09-24,0.010251462038569368
2025-09-25,0.013242583879129698
2025-09-26,0.022644761838986536
2025-09-27,0.021513617739757348
2025-09-28,0.01790470964853885
2025-09-29,0.0205210981470152
2025-09-30,0.018508480726902466
2025-10-01,0.01631896389628368
2025-10-02,0.022008048162127147
2025-10-03,0.017981822740164348
2025-10-04,0.01478482525986428
2025-10-05,0.014322598681281638
2025-10-06,0.011727280289106797
2025-10-07,0.009575327390050221
2025-10-08,0.020851573731996784
2025-10-09,0.019228598986930474
2025-10-10,0.018122849570062063
2025-10-11,0.0399058682815049
2025-10-12,0.032670240496591146
2025-10-13,0.04232798466259864
2025-10-14,0.03460933956405741
2025-10-15,0.029497874941536256
2025-10-16,0.025265386293481136
2025-10-17,0.021553034231820666
2025-10-18,0.01760492146196643
2025-10-19,0.018641866295432893
2025-10-20,0.019110240411444837
2025-10-21,0.018588224789904753
2025-10-22,0.020005288657405185
2025-10-23,0.016557411722065925
2025-10-24,0.019602460135244474
2025-10-25,0.016158755601172317
2025-10-26,0.013193935490463738
2025-10-27,0.014905335246660349
2025-10-28,0.014454438624461897
2025-10-29,0.015192600824678227
2025-10-30,0.018994590553686505
2025-10-31,0.016172349971222712
2025-11-01,0.017921150876711048
2025-11-02,0.015102733504799017
2025-11-03,0.012796253289235641
2025-11-04,0.02328016995736758
2025-11-05,0.026574451356491936
2025-11-06,0.03225693360213703
2025-11-07,0.027743061421842904
2025-11-08,0.028927725313297785
2025-11-09,0.024016602352714578
2025-11-10,0.02474303429755673
2025-11-11,0.020546014768600945
2025-11-12,0.024891286323267602
2025-11-13,0.020882245522167477
2025-11-14,0.017814634285242607
2025-11-15,0.026956343599712104
2025-11-16,0.02930143563838963
2025-11-17,0.023944163756795003
2025-11-18,0.020663509986288183
2025-11-19,0.02156445069992887
2025-11-20,0.01802272218932452
2025-11-21,0.026588597412794047
2025-11-22,0.021965076028086485
2025-11-23,0.020411569218490255
2025-11-24,0.027367818171395462
2025-11-25,0.0245888255569348
2025-11-26,0.021391766744681802
2025-11-27,0.026071852261463364
2025-11-28,0.021320750467956992
2025-11-29,0.018900849381605783
2025-11-30,0.01585549508209487
2025-12-01,0.013649179258518215
2025-12-02,0.027339171549061965
2025-12-03,0.04409238016308233
2025-12-04,0.03693635628946285
2025-12-05,0.03406959995270445
2025-12-06,0.0334842750517111
2025-12-07,0.0275849578543474
2025-12-08,0.023972310030570407
2025-12-09,0.019763038951259814
2025-12-10,0.01968313657713573
2025-12-11,0.018268845942706807
2025-12-12,0.014956959454479817
2025-12-13,0.019089253979827615
2025-12-14,0.015791762221686927
2025-12-15,0.016308496649293285
2025-12-16,0.014466532352221062
2025-12-17,0.019659126472899722
2025-12-18,0.018254056830944065
2025-12-19,0.014943357038069621
2025-12-20,0.023954298660274286
2025-12-21,0.019580079866763123
2025-12-22,0.01600247947382408
2025-12-23,0.013275447162020419
2025-12-24,0.013211044500849369
2025-12-25,0.011166532574095965
2025-12-26,0.009331160797640105
2025-12-27,0.007790169040185103
2025-12-28,0.00732810941241892
2025-12-29,0.0060037759991437
2025-12-30,0.006613424658612319
2025-12-31,0.010161426707579298
2026-01-01,0.01096806333184688
2026-01-02,0.01187489870189513
2026-01-03,0.010931770483990218
2026-01-04,0.008927821209036702
2026-01-05,0.007327472421672218
2026-01-06,0.012092623953515097
2026-01-07,0.013347656805262073
2026-01-08,0.021268223326810446
2026-01-09,0.017365445724021482
2026-01-10,0.014230520776025367
2026-01-11,0.011729591737182339
2026-01-12,0.010242425375423362
2026-01-13,0.008611618519236551
2026-01-14,0.023931652728037798
2026-01-15,0.019597311751031847
2026-01-16,0.02289178207003107
2026-01-17,0.019016811776479996
2026-01-18,0.0161011445971702
2026-01-19,0.015417759699465112
2026-01-20,0.013405737958325104
2026-01-21,0.023737565298623677
2026-01-22,0.025704757000278224
2026-01-23,0.02172263740869385
2026-01-24,0.017992909781552196
2026-01-25,0.014711581867931185
2026-01-26,0.018288622690731508
2026-01-27,0.022737480127645288
2026-01-28,0.01955610023691343
2026-01-29,0.016035385668859512
2026-01-30,0.03145403555598493
2026-01-31,0.02640155669618298
2026-02-01,0.03558002841787801
2026-02-02,0.02933618351301792
2026-02-03,0.03626398128253924
2026-02-04,0.03346916369459224
2026-02-05,0.028093233650402404
2026-02-06,0.0708024677935794
2026-02-07,0.1121862526874018
2026-02-08,0.09178572088239266
2026-02-09,0.07637985923441772
2026-02-10,0.062431306805976555
2026-02-11,0.05169262460885533
2026-02-12,0.043384497483402
2026-02-13,0.03546189769453473
2026-02-14,0.040132471304652674
2026-02-15,0.03312501453388862
2026-02-16,0.029508279028531623
2026-02-17,0.0241453639110474
2026-02-18,0.022758563232885737
2026-02-19,0.019179555740897792
2026-02-20,0.017874779530377114
2026-02-21,0.017868683383591842
2026-02-22,0.014646284585487
2026-02-23,0.01260058364077096
