timestamp,bit_trend
2017-01-01,15
2017-01-02,24
2017-01-03,23
2017-01-04,25
2017-01-05,32
2017-01-06,26
2017-01-07,21
2017-01-08,18
2017-01-09,17
2017-01-10,17
2017-01-11,21
2017-01-12,21
2017-01-13,17
2017-01-14,15
2017-01-15,14
2017-01-16,14
2017-01-17,16
2017-01-18,15
2017-01-19,15
2017-01-20,13
2017-01-21,12
2017-01-22,12
2017-01-23,13
2017-01-24,14
2017-01-25,14
2017-01-26,14
2017-01-27,12
2017-01-28,12
2017-01-29,12
2017-01-30,13
2017-01-31,14
2017-02-01,15
2017-02-02,15
2017-02-03,17
2017-02-04,14
2017-02-05,15
2017-02-06,13
2017-02-07,15
2017-02-08,16
2017-02-09,18
2017-02-10,16
2017-02-11,14
2017-02-12,12
2017-02-13,13
2017-02-14,13
2017-02-15,13
2017-02-16,13
2017-02-17,13
2017-02-18,13
2017-02-19,12
2017-02-20,13
2017-02-21,18
2017-02-22,17
2017-02-23,19
2017-02-24,21
2017-02-25,16
2017-02-26,15
2017-02-27,16
2017-02-28,17
2017-03-01,18
2017-03-02,22
2017-03-03,25
2017-03-04,21
2017-03-05,18
2017-03-06,20
2017-03-07,20
2017-03-08,19
2017-03-09,20
2017-03-10,33
2017-03-11,26
2017-03-12,19
2017-03-13,19
2017-03-14,16
2017-03-15,17
2017-03-16,19
2017-03-17,18
2017-03-18,21
2017-03-19,20
2017-03-20,18
2017-03-21,18
2017-03-22,18
2017-03-23,16
2017-03-24,17
2017-03-25,18
2017-03-26,16
2017-03-27,16
2017-03-28,15
2017-03-29,15
2017-03-30,14
2017-03-31,14
2017-04-01,14
2017-04-02,14
2017-04-03,15
2017-04-04,16
2017-04-05,14
2017-04-06,15
2017-04-07,17
2017-04-08,14
2017-04-09,14
2017-04-10,15
2017-04-11,15
2017-04-12,16
2017-04-13,16
2017-04-14,14
2017-04-15,13
2017-04-16,14
2017-04-17,14
2017-04-18,16
2017-04-19,14
2017-04-20,14
2017-04-21,15
2017-04-22,14
2017-04-23,13
2017-04-24,14
2017-04-25,16
2017-04-26,18
2017-04-27,18
2017-04-28,18
2017-04-29,17
2017-04-30,16
2017-05-01,21
2017-05-02,22
2017-05-03,22
2017-05-04,29
2017-05-05,26
2017-05-06,22
2017-05-07,22
2017-05-08,23
2017-05-09,29
2017-05-10,26
2017-05-11,32
2017-05-12,35
2017-05-13,33
2017-05-14,32
2017-05-15,34
2017-05-16,31
2017-05-17,30
2017-05-18,27
2017-05-19,33
2017-05-20,35
2017-05-21,37
2017-05-22,68
2017-05-23,70
2017-05-24,74
2017-05-25,100
2017-05-26,75
2017-05-27,58
2017-05-28,43
2017-05-29,39
2017-05-30,40
2017-05-31,41
2017-06-01,42
2017-06-02,35
2017-06-03,34
2017-06-04,32
2017-06-05,36
2017-06-06,57
2017-06-07,51
2017-06-08,42
2017-06-09,37
2017-06-10,37
2017-06-11,38
2017-06-12,62
2017-06-13,47
2017-06-14,46
2017-06-15,58
2017-06-16,41
2017-06-17,33
2017-06-18,31
2017-06-19,32
2017-06-20,40
2017-06-21,39
2017-06-22,35
2017-06-23,30
2017-06-24,33
2017-06-25,31
2017-06-26,39
2017-06-27,39
2017-06-28,38
2017-06-29,30
2017-06-30,30
2017-07-01,3
2017-07-02,4
2017-07-03,4
2017-07-04,4
2017-07-05,4
2017-07-06,4
2017-07-07,4
2017-07-08,4
2017-07-09,4
2017-07-10,4
2017-07-11,5
2017-07-12,5
2017-07-13,4
2017-07-14,4
2017-07-15,5
2017-07-16,5
2017-07-17,5
2017-07-18,5
2017-07-19,4
2017-07-20,5
2017-07-21,5
2017-07-22,4
2017-07-23,4
2017-07-24,4
2017-07-25,5
2017-07-26,5
2017-07-27,4
2017-07-28,6
2017-07-29,5
2017-07-30,4
2017-07-31,5
2017-08-01,12
2017-08-02,9
2017-08-03,6
2017-08-04,6
2017-08-05,7
2017-08-06,5
2017-08-07,7
2017-08-08,7
2017-08-09,7
2017-08-10,6
2017-08-11,7
2017-08-12,8
2017-08-13,10
2017-08-14,11
2017-08-15,11
2017-08-16,9
2017-08-17,9
2017-08-18,8
2017-08-19,8
2017-08-20,7
2017-08-21,6
2017-08-22,8
2017-08-23,8
2017-08-24,7
2017-08-25,8
2017-08-26,6
2017-08-27,5
2017-08-28,6
2017-08-29,8
2017-08-30,8
2017-08-31,9
2017-09-01,9
2017-09-02,9
2017-09-03,8
2017-09-04,9
2017-09-05,8
2017-09-06,7
2017-09-07,6
2017-09-08,8
2017-09-09,5
2017-09-10,5
2017-09-11,6
2017-09-12,7
2017-09-13,10
2017-09-14,12
2017-09-15,13
2017-09-16,8
2017-09-17,6
2017-09-18,8
2017-09-19,7
2017-09-20,6
2017-09-21,7
2017-09-22,6
2017-09-23,4
2017-09-24,4
2017-09-25,5
2017-09-26,5
2017-09-27,6
2017-09-28,6
2017-09-29,5
2017-09-30,5
2017-10-01,5
2017-10-02,5
2017-10-03,5
2017-10-04,5
2017-10-05,5
2017-10-06,5
2017-10-07,5
2017-10-08,5
2017-10-09,6
2017-10-10,6
2017-10-11,6
2017-10-12,11
2017-10-13,14
2017-10-14,8
2017-10-15,8
2017-10-16,8
2017-10-17,8
2017-10-18,8
2017-10-19,8
2017-10-20,10
2017-10-21,10
2017-10-22,8
2017-10-23,9
2017-10-24,10
2017-10-25,9
2017-10-26,9
2017-10-27,8
2017-10-28,7
2017-10-29,7
2017-10-30,9
2017-10-31,11
2017-11-01,13
2017-11-02,20
2017-11-03,15
2017-11-04,13
2017-11-05,12
2017-11-06,13
2017-11-07,12
2017-11-08,15
2017-11-09,13
2017-11-10,17
2017-11-11,14
2017-11-12,19
2017-11-13,17
2017-11-14,13
2017-11-15,13
2017-11-16,13
2017-11-17,12
2017-11-18,7
2017-11-19,6
2017-11-20,9
2017-11-21,10
2017-11-22,8
2017-11-23,7
2017-11-24,6
2017-11-25,7
2017-11-26,13
2017-11-27,16
2017-11-28,18
2017-11-29,30
2017-11-30,24
2017-12-01,29
2017-12-02,27
2017-12-03,23
2017-12-04,30
2017-12-05,31
2017-12-06,45
2017-12-07,100
2017-12-08,82
2017-12-09,56
2017-12-10,50
2017-12-11,61
2017-12-12,59
2017-12-13,52
2017-12-14,43
2017-12-15,38
2017-12-16,40
2017-12-17,41
2017-12-18,45
2017-12-19,47
2017-12-20,69
2017-12-21,46
2017-12-22,96
2017-12-23,56
2017-12-24,40
2017-12-25,34
2017-12-26,36
2017-12-27,34
2017-12-28,34
2017-12-29,30
2017-12-30,29
2017-12-31,24
2018-01-01,40
2018-01-02,52
2018-01-03,53
2018-01-04,51
2018-01-05,50
2018-01-06,48
2018-01-07,43
2018-01-08,50
2018-01-09,44
2018-01-10,46
2018-01-11,56
2018-01-12,41
2018-01-13,38
2018-01-14,36
2018-01-15,34
2018-01-16,75
2018-01-17,100
2018-01-18,67
2018-01-19,47
2018-01-20,40
2018-01-21,36
2018-01-22,41
2018-01-23,43
2018-01-24,39
2018-01-25,39
2018-01-26,37
2018-01-27,30
2018-01-28,28
2018-01-29,28
2018-01-30,35
2018-01-31,36
2018-02-01,45
2018-02-02,65
2018-02-03,42
2018-02-04,34
2018-02-05,63
2018-02-06,78
2018-02-07,49
2018-02-08,41
2018-02-09,35
2018-02-10,28
2018-02-11,25
2018-02-12,28
2018-02-13,25
2018-02-14,25
2018-02-15,27
2018-02-16,25
2018-02-17,22
2018-02-18,25
2018-02-19,22
2018-02-20,27
2018-02-21,26
2018-02-22,23
2018-02-23,21
2018-02-24,18
2018-02-25,18
2018-02-26,19
2018-02-27,19
2018-02-28,19
2018-03-01,18
2018-03-02,17
2018-03-03,17
2018-03-04,15
2018-03-05,16
2018-03-06,18
2018-03-07,21
2018-03-08,20
2018-03-09,24
2018-03-10,16
2018-03-11,16
2018-03-12,19
2018-03-13,17
2018-03-14,19
2018-03-15,24
2018-03-16,19
2018-03-17,17
2018-03-18,21
2018-03-19,20
2018-03-20,17
2018-03-21,17
2018-03-22,18
2018-03-23,15
2018-03-24,12
2018-03-25,12
2018-03-26,17
2018-03-27,17
2018-03-28,16
2018-03-29,19
2018-03-30,22
2018-03-31,15
2018-04-01,16
2018-04-02,19
2018-04-03,18
2018-04-04,16
2018-04-05,16
2018-04-06,16
2018-04-07,13
2018-04-08,12
2018-04-09,16
2018-04-10,15
2018-04-11,14
2018-04-12,18
2018-04-13,17
2018-04-14,12
2018-04-15,12
2018-04-16,14
2018-04-17,14
2018-04-18,15
2018-04-19,14
2018-04-20,15
2018-04-21,13
2018-04-22,12
2018-04-23,14
2018-04-24,18
2018-04-25,17
2018-04-26,13
2018-04-27,13
2018-04-28,10
2018-04-29,10
2018-04-30,12
2018-05-01,12
2018-05-02,11
2018-05-03,12
2018-05-04,12
2018-05-05,11
2018-05-06,10
2018-05-07,12
2018-05-08,12
2018-05-09,12
2018-05-10,11
2018-05-11,14
2018-05-12,10
2018-05-13,10
2018-05-14,12
2018-05-15,11
2018-05-16,11
2018-05-17,11
2018-05-18,11
2018-05-19,8
2018-05-20,8
2018-05-21,9
2018-05-22,10
2018-05-23,13
2018-05-24,13
2018-05-25,10
2018-05-26,9
2018-05-27,9
2018-05-28,11
2018-05-29,11
2018-05-30,10
2018-05-31,9
2018-06-01,8
2018-06-02,8
2018-06-03,8
2018-06-04,9
2018-06-05,9
2018-06-06,10
2018-06-07,8
2018-06-08,9
2018-06-09,8
2018-06-10,11
2018-06-11,18
2018-06-12,13
2018-06-13,14
2018-06-14,14
2018-06-15,10
2018-06-16,8
2018-06-17,8
2018-06-18,10
2018-06-19,10
2018-06-20,10
2018-06-21,8
2018-06-22,13
2018-06-23,11
2018-06-24,12
2018-06-25,11
2018-06-26,10
2018-06-27,10
2018-06-28,10
2018-06-29,14
2018-06-30,12
2018-07-01,45
2018-07-02,59
2018-07-03,48
2018-07-04,42
2018-07-05,45
2018-07-06,43
2018-07-07,40
2018-07-08,42
2018-07-09,41
2018-07-10,47
2018-07-11,42
2018-07-12,49
2018-07-13,45
2018-07-14,40
2018-07-15,37
2018-07-16,43
2018-07-17,67
2018-07-18,70
2018-07-19,56
2018-07-20,54
2018-07-21,43
2018-07-22,42
2018-07-23,53
2018-07-24,73
2018-07-25,70
2018-07-26,65
2018-07-27,62
2018-07-28,44
2018-07-29,45
2018-07-30,52
2018-07-31,55
2018-08-01,52
2018-08-02,46
2018-08-03,49
2018-08-04,52
2018-08-05,45
2018-08-06,51
2018-08-07,54
2018-08-08,76
2018-08-09,57
2018-08-10,50
2018-08-11,53
2018-08-12,44
2018-08-13,49
2018-08-14,75
2018-08-15,63
2018-08-16,47
2018-08-17,48
2018-08-18,42
2018-08-19,36
2018-08-20,43
2018-08-21,46
2018-08-22,54
2018-08-23,46
2018-08-24,43
2018-08-25,39
2018-08-26,37
2018-08-27,43
2018-08-28,53
2018-08-29,46
2018-08-30,41
2018-08-31,38
2018-09-01,37
2018-09-02,38
2018-09-03,39
2018-09-04,40
2018-09-05,58
2018-09-06,69
2018-09-07,50
2018-09-08,42
2018-09-09,37
2018-09-10,45
2018-09-11,45
2018-09-12,52
2018-09-13,46
2018-09-14,35
2018-09-15,34
2018-09-16,33
2018-09-17,37
2018-09-18,34
2018-09-19,39
2018-09-20,36
2018-09-21,39
2018-09-22,39
2018-09-23,39
2018-09-24,41
2018-09-25,39
2018-09-26,35
2018-09-27,36
2018-09-28,36
2018-09-29,33
2018-09-30,31
2018-10-01,33
2018-10-02,35
2018-10-03,31
2018-10-04,31
2018-10-05,31
2018-10-06,29
2018-10-07,27
2018-10-08,32
2018-10-09,34
2018-10-10,33
2018-10-11,51
2018-10-12,39
2018-10-13,32
2018-10-14,30
2018-10-15,36
2018-10-16,36
2018-10-17,31
2018-10-18,35
2018-10-19,32
2018-10-20,29
2018-10-21,28
2018-10-22,33
2018-10-23,33
2018-10-24,32
2018-10-25,32
2018-10-26,33
2018-10-27,28
2018-10-28,26
2018-10-29,36
2018-10-30,33
2018-10-31,38
2018-11-01,33
2018-11-02,29
2018-11-03,29
2018-11-04,31
2018-11-05,32
2018-11-06,32
2018-11-07,28
2018-11-08,31
2018-11-09,29
2018-11-10,27
2018-11-11,26
2018-11-12,30
2018-11-13,29
2018-11-14,58
2018-11-15,63
2018-11-16,43
2018-11-17,37
2018-11-18,35
2018-11-19,60
2018-11-20,100
2018-11-21,82
2018-11-22,43
2018-11-23,49
2018-11-24,53
2018-11-25,89
2018-11-26,84
2018-11-27,75
2018-11-28,69
2018-11-29,56
2018-11-30,54
2018-12-01,39
2018-12-02,36
2018-12-03,53
2018-12-04,52
2018-12-05,47
2018-12-06,56
2018-12-07,80
2018-12-08,49
2018-12-09,43
2018-12-10,50
2018-12-11,49
2018-12-12,46
2018-12-13,53
2018-12-14,63
2018-12-15,48
2018-12-16,39
2018-12-17,56
2018-12-18,56
2018-12-19,55
2018-12-20,62
2018-12-21,52
2018-12-22,41
2018-12-23,40
2018-12-24,51
2018-12-25,48
2018-12-26,45
2018-12-27,43
2018-12-28,43
2018-12-29,37
2018-12-30,35
2018-12-31,37
2019-01-01,15
2019-01-02,17
2019-01-03,16
2019-01-04,16
2019-01-05,14
2019-01-06,15
2019-01-07,16
2019-01-08,15
2019-01-09,14
2019-01-10,19
2019-01-11,15
2019-01-12,15
2019-01-13,14
2019-01-14,15
2019-01-15,14
2019-01-16,15
2019-01-17,13
2019-01-18,13
2019-01-19,12
2019-01-20,12
2019-01-21,13
2019-01-22,12
2019-01-23,14
2019-01-24,13
2019-01-25,14
2019-01-26,12
2019-01-27,12
2019-01-28,14
2019-01-29,14
2019-01-30,13
2019-01-31,12
2019-02-01,12
2019-02-02,12
2019-02-03,13
2019-02-04,13
2019-02-05,15
2019-02-06,15
2019-02-07,13
2019-02-08,15
2019-02-09,14
2019-02-10,14
2019-02-11,12
2019-02-12,13
2019-02-13,13
2019-02-14,12
2019-02-15,13
2019-02-16,12
2019-02-17,11
2019-02-18,14
2019-02-19,16
2019-02-20,15
2019-02-21,14
2019-02-22,13
2019-02-23,15
2019-02-24,18
2019-02-25,15
2019-02-26,13
2019-02-27,13
2019-02-28,13
2019-03-01,12
2019-03-02,12
2019-03-03,11
2019-03-04,13
2019-03-05,13
2019-03-06,13
2019-03-07,13
2019-03-08,13
2019-03-09,13
2019-03-10,12
2019-03-11,12
2019-03-12,12
2019-03-13,12
2019-03-14,12
2019-03-15,11
2019-03-16,13
2019-03-17,12
2019-03-18,13
2019-03-19,14
2019-03-20,14
2019-03-21,13
2019-03-22,14
2019-03-23,12
2019-03-24,11
2019-03-25,12
2019-03-26,12
2019-03-27,13
2019-03-28,12
2019-03-29,14
2019-03-30,12
2019-03-31,11
2019-04-01,14
2019-04-02,37
2019-04-03,37
2019-04-04,26
2019-04-05,19
2019-04-06,18
2019-04-07,18
2019-04-08,21
2019-04-09,18
2019-04-10,20
2019-04-11,19
2019-04-12,16
2019-04-13,15
2019-04-14,15
2019-04-15,16
2019-04-16,16
2019-04-17,17
2019-04-18,16
2019-04-19,16
2019-04-20,16
2019-04-21,16
2019-04-22,16
2019-04-23,21
2019-04-24,18
2019-04-25,16
2019-04-26,17
2019-04-27,14
2019-04-28,15
2019-04-29,14
2019-04-30,14
2019-05-01,13
2019-05-02,14
2019-05-03,19
2019-05-04,17
2019-05-05,19
2019-05-06,15
2019-05-07,21
2019-05-08,20
2019-05-09,23
2019-05-10,26
2019-05-11,37
2019-05-12,40
2019-05-13,48
2019-05-14,50
2019-05-15,41
2019-05-16,37
2019-05-17,38
2019-05-18,26
2019-05-19,34
2019-05-20,34
2019-05-21,30
2019-05-22,27
2019-05-23,26
2019-05-24,26
2019-05-25,20
2019-05-26,23
2019-05-27,37
2019-05-28,31
2019-05-29,31
2019-05-30,31
2019-05-31,29
2019-06-01,24
2019-06-02,23
2019-06-03,25
2019-06-04,30
2019-06-05,22
2019-06-06,20
2019-06-07,22
2019-06-08,17
2019-06-09,17
2019-06-10,20
2019-06-11,18
2019-06-12,19
2019-06-13,21
2019-06-14,21
2019-06-15,23
2019-06-16,31
2019-06-17,32
2019-06-18,33
2019-06-19,31
2019-06-20,30
2019-06-21,40
2019-06-22,66
2019-06-23,44
2019-06-24,46
2019-06-25,49
2019-06-26,100
2019-06-27,79
2019-06-28,55
2019-06-29,39
2019-06-30,36
2019-07-01,9
2019-07-02,9
2019-07-03,9
2019-07-04,7
2019-07-05,7
2019-07-06,6
2019-07-07,5
2019-07-08,7
2019-07-09,9
2019-07-10,9
2019-07-11,8
2019-07-12,8
2019-07-13,6
2019-07-14,7
2019-07-15,9
2019-07-16,9
2019-07-17,8
2019-07-18,8
2019-07-19,6
2019-07-20,5
2019-07-21,5
2019-07-22,5
2019-07-23,6
2019-07-24,6
2019-07-25,5
2019-07-26,5
2019-07-27,6
2019-07-28,5
2019-07-29,5
2019-07-30,5
2019-07-31,5
2019-08-01,5
2019-08-02,5
2019-08-03,5
2019-08-04,4
2019-08-05,8
2019-08-06,8
2019-08-07,6
2019-08-08,6
2019-08-09,5
2019-08-10,5
2019-08-11,4
2019-08-12,5
2019-08-13,5
2019-08-14,6
2019-08-15,7
2019-08-16,5
2019-08-17,4
2019-08-18,4
2019-08-19,4
2019-08-20,4
2019-08-21,5
2019-08-22,4
2019-08-23,4
2019-08-24,4
2019-08-25,4
2019-08-26,4
2019-08-27,4
2019-08-28,5
2019-08-29,5
2019-08-30,60
2019-08-31,100
2019-09-01,93
2019-09-02,71
2019-09-03,61
2019-09-04,70
2019-09-05,78
2019-09-06,66
2019-09-07,46
2019-09-08,45
2019-09-09,42
2019-09-10,40
2019-09-11,42
2019-09-12,42
2019-09-13,39
2019-09-14,45
2019-09-15,45
2019-09-16,39
2019-09-17,41
2019-09-18,37
2019-09-19,37
2019-09-20,31
2019-09-21,35
2019-09-22,31
2019-09-23,29
2019-09-24,24
2019-09-25,21
2019-09-26,18
2019-09-27,7
2019-09-28,4
2019-09-29,4
2019-09-30,4
2019-10-01,4
2019-10-02,4
2019-10-03,4
2019-10-04,4
2019-10-05,4
2019-10-06,3
2019-10-07,4
2019-10-08,4
2019-10-09,4
2019-10-10,4
2019-10-11,4
2019-10-12,3
2019-10-13,3
2019-10-14,3
2019-10-15,3
2019-10-16,4
2019-10-17,3
2019-10-18,3
2019-10-19,3
2019-10-20,4
2019-10-21,3
2019-10-22,3
2019-10-23,5
2019-10-24,4
2019-10-25,5
2019-10-26,8
2019-10-27,4
2019-10-28,5
2019-10-29,4
2019-10-30,4
2019-10-31,4
2019-11-01,3
2019-11-02,3
2019-11-03,3
2019-11-04,4
2019-11-05,4
2019-11-06,3
2019-11-07,3
2019-11-08,4
2019-11-09,3
2019-11-10,3
2019-11-11,3
2019-11-12,3
2019-11-13,3
2019-11-14,3
2019-11-15,3
2019-11-16,3
2019-11-17,3
2019-11-18,3
2019-11-19,4
2019-11-20,3
2019-11-21,4
2019-11-22,5
2019-11-23,4
2019-11-24,4
2019-11-25,5
2019-11-26,4
2019-11-27,4
2019-11-28,4
2019-11-29,3
2019-11-30,3
2019-12-01,3
2019-12-02,3
2019-12-03,3
2019-12-04,3
2019-12-05,3
2019-12-06,3
2019-12-07,3
2019-12-08,3
2019-12-09,3
2019-12-10,3
2019-12-11,3
2019-12-12,3
2019-12-13,3
2019-12-14,3
2019-12-15,3
2019-12-16,3
2019-12-17,4
2019-12-18,4
2019-12-19,4
2019-12-20,4
2019-12-21,3
2019-12-22,3
2019-12-23,3
2019-12-24,3
2019-12-25,3
2019-12-26,3
2019-12-27,3
2019-12-28,4
2019-12-29,3
2019-12-30,3
2019-12-31,3
2020-01-01,20
2020-01-02,23
2020-01-03,25
2020-01-04,24
2020-01-05,22
2020-01-06,23
2020-01-07,30
2020-01-08,36
2020-01-09,23
2020-01-10,25
2020-01-11,24
2020-01-12,21
2020-01-13,20
2020-01-14,35
2020-01-15,35
2020-01-16,25
2020-01-17,26
2020-01-18,27
2020-01-19,27
2020-01-20,24
2020-01-21,23
2020-01-22,22
2020-01-23,23
2020-01-24,21
2020-01-25,23
2020-01-26,19
2020-01-27,23
2020-01-28,27
2020-01-29,30
2020-01-30,28
2020-01-31,27
2020-02-01,26
2020-02-02,25
2020-02-03,24
2020-02-04,27
2020-02-05,30
2020-02-06,31
2020-02-07,27
2020-02-08,26
2020-02-09,39
2020-02-10,31
2020-02-11,34
2020-02-12,37
2020-02-13,33
2020-02-14,28
2020-02-15,28
2020-02-16,29
2020-02-17,28
2020-02-18,29
2020-02-19,32
2020-02-20,31
2020-02-21,26
2020-02-22,24
2020-02-23,26
2020-02-24,30
2020-02-25,29
2020-02-26,33
2020-02-27,34
2020-02-28,35
2020-02-29,26
2020-03-01,24
2020-03-02,24
2020-03-03,24
2020-03-04,24
2020-03-05,23
2020-03-06,24
2020-03-07,22
2020-03-08,25
2020-03-09,49
2020-03-10,34
2020-03-11,28
2020-03-12,66
2020-03-13,100
2020-03-14,56
2020-03-15,43
2020-03-16,63
2020-03-17,49
2020-03-18,50
2020-03-19,51
2020-03-20,46
2020-03-21,39
2020-03-22,37
2020-03-23,38
2020-03-24,44
2020-03-25,37
2020-03-26,34
2020-03-27,31
2020-03-28,29
2020-03-29,26
2020-03-30,31
2020-03-31,25
2020-04-01,28
2020-04-02,33
2020-04-03,30
2020-04-04,28
2020-04-05,27
2020-04-06,34
2020-04-07,33
2020-04-08,30
2020-04-09,29
2020-04-10,33
2020-04-11,26
2020-04-12,29
2020-04-13,32
2020-04-14,28
2020-04-15,30
2020-04-16,32
2020-04-17,27
2020-04-18,26
2020-04-19,26
2020-04-20,27
2020-04-21,28
2020-04-22,27
2020-04-23,33
2020-04-24,18
2020-04-25,26
2020-04-26,31
2020-04-27,34
2020-04-28,34
2020-04-29,49
2020-04-30,56
2020-05-01,42
2020-05-02,40
2020-05-03,39
2020-05-04,38
2020-05-05,36
2020-05-06,42
2020-05-07,53
2020-05-08,62
2020-05-09,51
2020-05-10,72
2020-05-11,84
2020-05-12,60
2020-05-13,45
2020-05-14,46
2020-05-15,41
2020-05-16,37
2020-05-17,38
2020-05-18,39
2020-05-19,35
2020-05-20,37
2020-05-21,39
2020-05-22,34
2020-05-23,30
2020-05-24,29
2020-05-25,33
2020-05-26,31
2020-05-27,30
2020-05-28,33
2020-05-29,31
2020-05-30,25
2020-05-31,26
2020-06-01,29
2020-06-02,45
2020-06-03,33
2020-06-04,32
2020-06-05,32
2020-06-06,27
2020-06-07,27
2020-06-08,27
2020-06-09,29
2020-06-10,28
2020-06-11,33
2020-06-12,29
2020-06-13,24
2020-06-14,24
2020-06-15,28
2020-06-16,25
2020-06-17,26
2020-06-18,25
2020-06-19,24
2020-06-20,25
2020-06-21,22
2020-06-22,24
2020-06-23,27
2020-06-24,23
2020-06-25,24
2020-06-26,24
2020-06-27,23
2020-06-28,24
2020-06-29,24
2020-06-30,24
2020-07-01,15
2020-07-02,14
2020-07-03,15
2020-07-04,14
2020-07-05,15
2020-07-06,11
2020-07-07,9
2020-07-08,16
2020-07-09,16
2020-07-10,15
2020-07-11,15
2020-07-12,13
2020-07-13,15
2020-07-14,17
2020-07-15,23
2020-07-16,24
2020-07-17,18
2020-07-18,15
2020-07-19,14
2020-07-20,15
2020-07-21,15
2020-07-22,15
2020-07-23,18
2020-07-24,17
2020-07-25,17
2020-07-26,20
2020-07-27,37
2020-07-28,36
2020-07-29,28
2020-07-30,24
2020-07-31,26
2020-08-01,30
2020-08-02,36
2020-08-03,27
2020-08-04,24
2020-08-05,26
2020-08-06,26
2020-08-07,24
2020-08-08,20
2020-08-09,19
2020-08-10,25
2020-08-11,24
2020-08-12,20
2020-08-13,23
2020-08-14,23
2020-08-15,20
2020-08-16,21
2020-08-17,27
2020-08-18,25
2020-08-19,22
2020-08-20,19
2020-08-21,17
2020-08-22,17
2020-08-23,15
2020-08-24,17
2020-08-25,17
2020-08-26,16
2020-08-27,16
2020-08-28,17
2020-08-29,14
2020-08-30,15
2020-08-31,15
2020-09-01,18
2020-09-02,19
2020-09-03,21
2020-09-04,21
2020-09-05,18
2020-09-06,17
2020-09-07,17
2020-09-08,19
2020-09-09,16
2020-09-10,15
2020-09-11,13
2020-09-12,13
2020-09-13,14
2020-09-14,13
2020-09-15,15
2020-09-16,15
2020-09-17,14
2020-09-18,14
2020-09-19,14
2020-09-20,13
2020-09-21,15
2020-09-22,13
2020-09-23,13
2020-09-24,12
2020-09-25,13
2020-09-26,13
2020-09-27,12
2020-09-28,12
2020-09-29,13
2020-09-30,12
2020-10-01,13
2020-10-02,13
2020-10-03,13
2020-10-04,12
2020-10-05,13
2020-10-06,13
2020-10-07,12
2020-10-08,14
2020-10-09,15
2020-10-10,15
2020-10-11,14
2020-10-12,15
2020-10-13,14
2020-10-14,14
2020-10-15,15
2020-10-16,15
2020-10-17,13
2020-10-18,14
2020-10-19,16
2020-10-20,16
2020-10-21,32
2020-10-22,32
2020-10-23,25
2020-10-24,19
2020-10-25,19
2020-10-26,21
2020-10-27,28
2020-10-28,28
2020-10-29,23
2020-10-30,20
2020-10-31,22
2020-11-01,21
2020-11-02,22
2020-11-03,21
2020-11-04,16
2020-11-05,30
2020-11-06,33
2020-11-07,26
2020-11-08,21
2020-11-09,27
2020-11-10,23
2020-11-11,24
2020-11-12,27
2020-11-13,31
2020-11-14,25
2020-11-15,21
2020-11-16,32
2020-11-17,48
2020-11-18,54
2020-11-19,42
2020-11-20,45
2020-11-21,45
2020-11-22,37
2020-11-23,41
2020-11-24,52
2020-11-25,46
2020-11-26,56
2020-11-27,44
2020-11-28,36
2020-11-29,34
2020-11-30,50
2020-12-01,55
2020-12-02,40
2020-12-03,38
2020-12-04,39
2020-12-05,32
2020-12-06,30
2020-12-07,33
2020-12-08,33
2020-12-09,34
2020-12-10,30
2020-12-11,30
2020-12-12,24
2020-12-13,28
2020-12-14,29
2020-12-15,32
2020-12-16,63
2020-12-17,100
2020-12-18,71
2020-12-19,54
2020-12-20,51
2020-12-21,58
2020-12-22,50
2020-12-23,46
2020-12-24,40
2020-12-25,45
2020-12-26,64
2020-12-27,83
2020-12-28,70
2020-12-29,65
2020-12-30,72
2020-12-31,76
2021-01-01,29
2021-01-02,57
2021-01-03,60
2021-01-04,52
2021-01-05,43
2021-01-06,48
2021-01-07,74
2021-01-08,69
2021-01-09,57
2021-01-10,54
2021-01-11,90
2021-01-12,61
2021-01-13,54
2021-01-14,56
2021-01-15,46
2021-01-16,40
2021-01-17,34
2021-01-18,33
2021-01-19,30
2021-01-20,32
2021-01-21,42
2021-01-22,44
2021-01-23,29
2021-01-24,25
2021-01-25,29
2021-01-26,28
2021-01-27,30
2021-01-28,34
2021-01-29,57
2021-01-30,36
2021-01-31,30
2021-02-01,29
2021-02-02,28
2021-02-03,28
2021-02-04,32
2021-02-05,28
2021-02-06,35
2021-02-07,31
2021-02-08,70
2021-02-09,78
2021-02-10,53
2021-02-11,48
2021-02-12,45
2021-02-13,38
2021-02-14,39
2021-02-15,43
2021-02-16,47
2021-02-17,53
2021-02-18,48
2021-02-19,56
2021-02-20,59
2021-02-21,51
2021-02-22,58
2021-02-23,74
2021-02-24,53
2021-02-25,45
2021-02-26,44
2021-02-27,34
2021-02-28,45
2021-03-01,41
2021-03-02,35
2021-03-03,34
2021-03-04,32
2021-03-05,32
2021-03-06,27
2021-03-07,28
2021-03-08,32
2021-03-09,38
2021-03-10,37
2021-03-11,34
2021-03-12,33
2021-03-13,41
2021-03-14,40
2021-03-15,37
2021-03-16,34
2021-03-17,33
2021-03-18,34
2021-03-19,30
2021-03-20,27
2021-03-21,24
2021-03-22,29
2021-03-23,29
2021-03-24,33
2021-03-25,37
2021-03-26,29
2021-03-27,27
2021-03-28,24
2021-03-29,30
2021-03-30,29
2021-03-31,29
2021-04-01,41
2021-04-02,29
2021-04-03,24
2021-04-04,23
2021-04-05,25
2021-04-06,25
2021-04-07,25
2021-04-08,23
2021-04-09,22
2021-04-10,23
2021-04-11,25
2021-04-12,27
2021-04-13,38
2021-04-14,45
2021-04-15,36
2021-04-16,44
2021-04-17,32
2021-04-18,55
2021-04-19,48
2021-04-20,40
2021-04-21,33
2021-04-22,35
2021-04-23,53
2021-04-24,38
2021-04-25,33
2021-04-26,37
2021-04-27,33
2021-04-28,31
2021-04-29,27
2021-04-30,26
2021-05-01,23
2021-05-02,24
2021-05-03,28
2021-05-04,31
2021-05-05,31
2021-05-06,28
2021-05-07,28
2021-05-08,28
2021-05-09,30
2021-05-10,32
2021-05-11,30
2021-05-12,35
2021-05-13,73
2021-05-14,43
2021-05-15,32
2021-05-16,39
2021-05-17,56
2021-05-18,41
2021-05-19,100
2021-05-20,74
2021-05-21,57
2021-05-22,46
2021-05-23,59
2021-05-24,58
2021-05-25,44
2021-05-26,36
2021-05-27,32
2021-05-28,34
2021-05-29,33
2021-05-30,30
2021-05-31,30
2021-06-01,29
2021-06-02,28
2021-06-03,25
2021-06-04,32
2021-06-05,28
2021-06-06,28
2021-06-07,30
2021-06-08,45
2021-06-09,38
2021-06-10,34
2021-06-11,27
2021-06-12,23
2021-06-13,25
2021-06-14,34
2021-06-15,26
2021-06-16,24
2021-06-17,22
2021-06-18,23
2021-06-19,20
2021-06-20,21
2021-06-21,36
2021-06-22,48
2021-06-23,34
2021-06-24,27
2021-06-25,26
2021-06-26,24
2021-06-27,22
2021-06-28,26
2021-06-29,23
2021-06-30,19
2021-07-01,43
2021-07-02,41
2021-07-03,38
2021-07-04,39
2021-07-05,39
2021-07-06,39
2021-07-07,37
2021-07-08,40
2021-07-09,39
2021-07-10,32
2021-07-11,34
2021-07-12,37
2021-07-13,38
2021-07-14,37
2021-07-15,38
2021-07-16,38
2021-07-17,34
2021-07-18,34
2021-07-19,46
2021-07-20,60
2021-07-21,50
2021-07-22,42
2021-07-23,36
2021-07-24,36
2021-07-25,39
2021-07-26,81
2021-07-27,55
2021-07-28,50
2021-07-29,42
2021-07-30,41
2021-07-31,41
2021-08-01,42
2021-08-02,42
2021-08-03,39
2021-08-04,38
2021-08-05,39
2021-08-06,43
2021-08-07,45
2021-08-08,43
2021-08-09,53
2021-08-10,50
2021-08-11,46
2021-08-12,45
2021-08-13,45
2021-08-14,41
2021-08-15,37
2021-08-16,43
2021-08-17,40
2021-08-18,37
2021-08-19,35
2021-08-20,41
2021-08-21,40
2021-08-22,37
2021-08-23,50
2021-08-24,43
2021-08-25,37
2021-08-26,40
2021-08-27,36
2021-08-28,33
2021-08-29,31
2021-08-30,35
2021-08-31,35
2021-09-01,35
2021-09-02,37
2021-09-03,40
2021-09-04,35
2021-09-05,34
2021-09-06,41
2021-09-07,78
2021-09-08,62
2021-09-09,46
2021-09-10,41
2021-09-11,34
2021-09-12,30
2021-09-13,38
2021-09-14,36
2021-09-15,36
2021-09-16,35
2021-09-17,34
2021-09-18,31
2021-09-19,26
2021-09-20,48
2021-09-21,50
2021-09-22,44
2021-09-23,36
2021-09-24,63
2021-09-25,43
2021-09-26,33
2021-09-27,35
2021-09-28,37
2021-09-29,36
2021-09-30,33
2021-10-01,43
2021-10-02,34
2021-10-03,33
2021-10-04,37
2021-10-05,44
2021-10-06,55
2021-10-07,52
2021-10-08,43
2021-10-09,37
2021-10-10,37
2021-10-11,47
2021-10-12,47
2021-10-13,43
2021-10-14,44
2021-10-15,73
2021-10-16,58
2021-10-17,49
2021-10-18,64
2021-10-19,77
2021-10-20,90
2021-10-21,82
2021-10-22,63
2021-10-23,48
2021-10-24,45
2021-10-25,54
2021-10-26,75
2021-10-27,68
2021-10-28,58
2021-10-29,53
2021-10-30,45
2021-10-31,41
2021-11-01,47
2021-11-02,49
2021-11-03,46
2021-11-04,45
2021-11-05,46
2021-11-06,40
2021-11-07,39
2021-11-08,60
2021-11-09,69
2021-11-10,59
2021-11-11,51
2021-11-12,48
2021-11-13,42
2021-11-14,41
2021-11-15,47
2021-11-16,60
2021-11-17,56
2021-11-18,55
2021-11-19,55
2021-11-20,44
2021-11-21,42
2021-11-22,47
2021-11-23,51
2021-11-24,46
2021-11-25,42
2021-11-26,55
2021-11-27,46
2021-11-28,43
2021-11-29,46
2021-11-30,51
2021-12-01,43
2021-12-02,41
2021-12-03,44
2021-12-04,100
2021-12-05,77
2021-12-06,66
2021-12-07,55
2021-12-08,48
2021-12-09,49
2021-12-10,47
2021-12-11,42
2021-12-12,39
2021-12-13,53
2021-12-14,57
2021-12-15,48
2021-12-16,44
2021-12-17,45
2021-12-18,39
2021-12-19,36
2021-12-20,43
2021-12-21,44
2021-12-22,43
2021-12-23,43
2021-12-24,45
2021-12-25,40
2021-12-26,38
2021-12-27,41
2021-12-28,44
2021-12-29,43
2021-12-30,42
2021-12-31,37
2022-01-01,26
2022-01-02,25
2022-01-03,28
2022-01-04,33
2022-01-05,34
2022-01-06,40
2022-01-07,46
2022-01-08,39
2022-01-09,34
2022-01-10,41
2022-01-11,37
2022-01-12,34
2022-01-13,35
2022-01-14,25
2022-01-15,25
2022-01-16,22
2022-01-17,26
2022-01-18,28
2022-01-19,26
2022-01-20,27
2022-01-21,66
2022-01-22,75
2022-01-23,53
2022-01-24,88
2022-01-25,50
2022-01-26,45
2022-01-27,42
2022-01-28,42
2022-01-29,34
2022-01-30,31
2022-01-31,33
2022-02-01,32
2022-02-02,31
2022-02-03,32
2022-02-04,35
2022-02-05,35
2022-02-06,29
2022-02-07,38
2022-02-08,36
2022-02-09,37
2022-02-10,30
2022-02-11,31
2022-02-12,28
2022-02-13,25
2022-02-14,32
2022-02-15,32
2022-02-16,28
2022-02-17,31
2022-02-18,30
2022-02-19,27
2022-02-20,29
2022-02-21,31
2022-02-22,37
2022-02-23,31
2022-02-24,55
2022-02-25,40
2022-02-26,28
2022-02-27,29
2022-02-28,37
2022-03-01,40
2022-03-02,32
2022-03-03,29
2022-03-04,28
2022-03-05,25
2022-03-06,24
2022-03-07,30
2022-03-08,30
2022-03-09,35
2022-03-10,32
2022-03-11,28
2022-03-12,24
2022-03-13,24
2022-03-14,26
2022-03-15,26
2022-03-16,26
2022-03-17,25
2022-03-18,24
2022-03-19,23
2022-03-20,22
2022-03-21,23
2022-03-22,25
2022-03-23,23
2022-03-24,26
2022-03-25,25
2022-03-26,21
2022-03-27,25
2022-03-28,33
2022-03-29,27
2022-03-30,26
2022-03-31,24
2022-04-01,24
2022-04-02,22
2022-04-03,21
2022-04-04,23
2022-04-05,22
2022-04-06,25
2022-04-07,25
2022-04-08,24
2022-04-09,22
2022-04-10,21
2022-04-11,29
2022-04-12,26
2022-04-13,24
2022-04-14,22
2022-04-15,21
2022-04-16,19
2022-04-17,18
2022-04-18,23
2022-04-19,21
2022-04-20,20
2022-04-21,20
2022-04-22,21
2022-04-23,19
2022-04-24,18
2022-04-25,22
2022-04-26,25
2022-04-27,22
2022-04-28,22
2022-04-29,20
2022-04-30,20
2022-05-01,21
2022-05-02,21
2022-05-03,20
2022-05-04,20
2022-05-05,27
2022-05-06,28
2022-05-07,22
2022-05-08,27
2022-05-09,52
2022-05-10,53
2022-05-11,61
2022-05-12,88
2022-05-13,66
2022-05-14,46
2022-05-15,39
2022-05-16,40
2022-05-17,35
2022-05-18,38
2022-05-19,36
2022-05-20,32
2022-05-21,29
2022-05-22,25
2022-05-23,30
2022-05-24,30
2022-05-25,26
2022-05-26,27
2022-05-27,28
2022-05-28,22
2022-05-29,22
2022-05-30,25
2022-05-31,28
2022-06-01,25
2022-06-02,23
2022-06-03,24
2022-06-04,20
2022-06-05,19
2022-06-06,24
2022-06-07,27
2022-06-08,22
2022-06-09,22
2022-06-10,24
2022-06-11,25
2022-06-12,32
2022-06-13,100
2022-06-14,99
2022-06-15,76
2022-06-16,67
2022-06-17,59
2022-06-18,92
2022-06-19,88
2022-06-20,67
2022-06-21,54
2022-06-22,47
2022-06-23,40
2022-06-24,35
2022-06-25,28
2022-06-26,27
2022-06-27,37
2022-06-28,33
2022-06-29,36
2022-06-30,44
2022-07-01,81
2022-07-02,66
2022-07-03,63
2022-07-04,64
2022-07-05,70
2022-07-06,64
2022-07-07,61
2022-07-08,59
2022-07-09,47
2022-07-10,47
2022-07-11,61
2022-07-12,62
2022-07-13,61
2022-07-14,62
2022-07-15,51
2022-07-16,43
2022-07-17,43
2022-07-18,58
2022-07-19,61
2022-07-20,68
2022-07-21,66
2022-07-22,53
2022-07-23,44
2022-07-24,42
2022-07-25,51
2022-07-26,51
2022-07-27,50
2022-07-28,51
2022-07-29,48
2022-07-30,39
2022-07-31,40
2022-08-01,44
2022-08-02,44
2022-08-03,44
2022-08-04,42
2022-08-05,40
2022-08-06,33
2022-08-07,33
2022-08-08,43
2022-08-09,41
2022-08-10,42
2022-08-11,43
2022-08-12,39
2022-08-13,34
2022-08-14,36
2022-08-15,39
2022-08-16,37
2022-08-17,38
2022-08-18,35
2022-08-19,46
2022-08-20,36
2022-08-21,36
2022-08-22,39
2022-08-23,36
2022-08-24,36
2022-08-25,34
2022-08-26,38
2022-08-27,40
2022-08-28,39
2022-08-29,45
2022-08-30,40
2022-08-31,38
2022-09-01,39
2022-09-02,38
2022-09-03,30
2022-09-04,29
2022-09-05,35
2022-09-06,44
2022-09-07,48
2022-09-08,37
2022-09-09,41
2022-09-10,32
2022-09-11,32
2022-09-12,37
2022-09-13,44
2022-09-14,43
2022-09-15,42
2022-09-16,39
2022-09-17,31
2022-09-18,32
2022-09-19,48
2022-09-20,47
2022-09-21,43
2022-09-22,43
2022-09-23,44
2022-09-24,32
2022-09-25,34
2022-09-26,43
2022-09-27,42
2022-09-28,40
2022-09-29,38
2022-09-30,34
2022-10-01,29
2022-10-02,31
2022-10-03,37
2022-10-04,36
2022-10-05,34
2022-10-06,32
2022-10-07,33
2022-10-08,25
2022-10-09,26
2022-10-10,34
2022-10-11,35
2022-10-12,34
2022-10-13,38
2022-10-14,34
2022-10-15,25
2022-10-16,25
2022-10-17,31
2022-10-18,31
2022-10-19,32
2022-10-20,30
2022-10-21,30
2022-10-22,24
2022-10-23,23
2022-10-24,29
2022-10-25,32
2022-10-26,34
2022-10-27,33
2022-10-28,29
2022-10-29,26
2022-10-30,25
2022-10-31,30
2022-11-01,27
2022-11-02,30
2022-11-03,29
2022-11-04,28
2022-11-05,30
2022-11-06,25
2022-11-07,32
2022-11-08,52
2022-11-09,88
2022-11-10,100
2022-11-11,84
2022-11-12,78
2022-11-13,68
2022-11-14,75
2022-11-15,65
2022-11-16,60
2022-11-17,62
2022-11-18,54
2022-11-19,44
2022-11-20,41
2022-11-21,59
2022-11-22,58
2022-11-23,50
2022-11-24,39
2022-11-25,39
2022-11-26,36
2022-11-27,34
2022-11-28,49
2022-11-29,41
2022-11-30,42
2022-12-01,43
2022-12-02,38
2022-12-03,33
2022-12-04,34
2022-12-05,39
2022-12-06,38
2022-12-07,37
2022-12-08,37
2022-12-09,36
2022-12-10,30
2022-12-11,30
2022-12-12,36
2022-12-13,44
2022-12-14,44
2022-12-15,40
2022-12-16,39
2022-12-17,34
2022-12-18,31
2022-12-19,36
2022-12-20,36
2022-12-21,34
2022-12-22,35
2022-12-23,33
2022-12-24,29
2022-12-25,27
2022-12-26,29
2022-12-27,34
2022-12-28,36
2022-12-29,33
2022-12-30,30
2022-12-31,28
2023-01-01,41
2023-01-02,50
2023-01-03,51
2023-01-04,53
2023-01-05,49
2023-01-06,48
2023-01-07,39
2023-01-08,38
2023-01-09,52
2023-01-10,52
2023-01-11,50
2023-01-12,65
2023-01-13,65
2023-01-14,85
2023-01-15,63
2023-01-16,74
2023-01-17,70
2023-01-18,70
2023-01-19,61
2023-01-20,64
2023-01-21,68
2023-01-22,61
2023-01-23,66
2023-01-24,64
2023-01-25,58
2023-01-26,58
2023-01-27,53
2023-01-28,45
2023-01-29,54
2023-01-30,53
2023-01-31,58
2023-02-01,57
2023-02-02,64
2023-02-03,56
2023-02-04,44
2023-02-05,44
2023-02-06,49
2023-02-07,36
2023-02-08,34
2023-02-09,42
2023-02-10,41
2023-02-11,34
2023-02-12,33
2023-02-13,36
2023-02-14,34
2023-02-15,45
2023-02-16,57
2023-02-17,47
2023-02-18,36
2023-02-19,36
2023-02-20,41
2023-02-21,44
2023-02-22,40
2023-02-23,37
2023-02-24,35
2023-02-25,32
2023-02-26,32
2023-02-27,35
2023-02-28,24
2023-03-01,46
2023-03-02,44
2023-03-03,54
2023-03-04,39
2023-03-05,37
2023-03-06,45
2023-03-07,43
2023-03-08,45
2023-03-09,56
2023-03-10,75
2023-03-11,64
2023-03-12,63
2023-03-13,96
2023-03-14,100
2023-03-15,76
2023-03-16,66
2023-03-17,80
2023-03-18,76
2023-03-19,88
2023-03-20,99
2023-03-21,91
2023-03-22,92
2023-03-23,84
2023-03-24,74
2023-03-25,57
2023-03-26,58
2023-03-27,67
2023-03-28,63
2023-03-29,68
2023-03-30,69
2023-03-31,62
2023-04-01,58
2023-04-02,57
2023-04-03,62
2023-04-04,60
2023-04-05,64
2023-04-06,62
2023-04-07,53
2023-04-08,50
2023-04-09,47
2023-04-10,69
2023-04-11,96
2023-04-12,84
2023-04-13,75
2023-04-14,78
2023-04-15,62
2023-04-16,57
2023-04-17,68
2023-04-18,63
2023-04-19,62
2023-04-20,61
2023-04-21,59
2023-04-22,50
2023-04-23,51
2023-04-24,59
2023-04-25,56
2023-04-26,65
2023-04-27,62
2023-04-28,54
2023-04-29,43
2023-04-30,48
2023-05-01,58
2023-05-02,57
2023-05-03,55
2023-05-04,56
2023-05-05,51
2023-05-06,48
2023-05-07,45
2023-05-08,61
2023-05-09,52
2023-05-10,54
2023-05-11,53
2023-05-12,55
2023-05-13,43
2023-05-14,41
2023-05-15,50
2023-05-16,52
2023-05-17,51
2023-05-18,52
2023-05-19,48
2023-05-20,43
2023-05-21,40
2023-05-22,49
2023-05-23,50
2023-05-24,48
2023-05-25,47
2023-05-26,42
2023-05-27,36
2023-05-28,39
2023-05-29,47
2023-05-30,49
2023-05-31,46
2023-06-01,45
2023-06-02,41
2023-06-03,37
2023-06-04,35
2023-06-05,57
2023-06-06,64
2023-06-07,56
2023-06-08,57
2023-06-09,45
2023-06-10,52
2023-06-11,45
2023-06-12,49
2023-06-13,45
2023-06-14,45
2023-06-15,54
2023-06-16,50
2023-06-17,39
2023-06-18,39
2023-06-19,45
2023-06-20,58
2023-06-21,84
2023-06-22,71
2023-06-23,70
2023-06-24,58
2023-06-25,52
2023-06-26,57
2023-06-27,61
2023-06-28,53
2023-06-29,57
2023-06-30,61
2023-07-01,34
2023-07-02,33
2023-07-03,43
2023-07-04,39
2023-07-05,39
2023-07-06,43
2023-07-07,39
2023-07-08,31
2023-07-09,31
2023-07-10,41
2023-07-11,41
2023-07-12,39
2023-07-13,51
2023-07-14,50
2023-07-15,35
2023-07-16,33
2023-07-17,40
2023-07-18,38
2023-07-19,39
2023-07-20,37
2023-07-21,34
2023-07-22,29
2023-07-23,31
2023-07-24,37
2023-07-25,38
2023-07-26,36
2023-07-27,34
2023-07-28,33
2023-07-29,32
2023-07-30,28
2023-07-31,31
2023-08-01,34
2023-08-02,36
2023-08-03,34
2023-08-04,35
2023-08-05,28
2023-08-06,29
2023-08-07,32
2023-08-08,35
2023-08-09,36
2023-08-10,30
2023-08-11,28
2023-08-12,28
2023-08-13,27
2023-08-14,29
2023-08-15,32
2023-08-16,29
2023-08-17,45
2023-08-18,62
2023-08-19,40
2023-08-20,35
2023-08-21,40
2023-08-22,41
2023-08-23,40
2023-08-24,36
2023-08-25,34
2023-08-26,28
2023-08-27,29
2023-08-28,32
2023-08-29,47
2023-08-30,40
2023-08-31,36
2023-09-01,34
2023-09-02,30
2023-09-03,31
2023-09-04,28
2023-09-05,31
2023-09-06,30
2023-09-07,32
2023-09-08,33
2023-09-09,27
2023-09-10,25
2023-09-11,33
2023-09-12,35
2023-09-13,31
2023-09-14,29
2023-09-15,27
2023-09-16,25
2023-09-17,24
2023-09-18,30
2023-09-19,30
2023-09-20,30
2023-09-21,28
2023-09-22,29
2023-09-23,22
2023-09-24,22
2023-09-25,27
2023-09-26,26
2023-09-27,28
2023-09-28,28
2023-09-29,27
2023-09-30,26
2023-10-01,26
2023-10-02,38
2023-10-03,31
2023-10-04,32
2023-10-05,29
2023-10-06,27
2023-10-07,30
2023-10-08,25
2023-10-09,27
2023-10-10,29
2023-10-11,29
2023-10-12,29
2023-10-13,28
2023-10-14,26
2023-10-15,26
2023-10-16,43
2023-10-17,38
2023-10-18,33
2023-10-19,31
2023-10-20,43
2023-10-21,35
2023-10-22,33
2023-10-23,62
2023-10-24,100
2023-10-25,69
2023-10-26,56
2023-10-27,46
2023-10-28,39
2023-10-29,38
2023-10-30,46
2023-10-31,45
2023-11-01,46
2023-11-02,51
2023-11-03,46
2023-11-04,38
2023-11-05,38
2023-11-06,44
2023-11-07,45
2023-11-08,43
2023-11-09,65
2023-11-10,58
2023-11-11,44
2023-11-12,40
2023-11-13,44
2023-11-14,46
2023-11-15,52
2023-11-16,50
2023-11-17,44
2023-11-18,34
2023-11-19,34
2023-11-20,46
2023-11-21,46
2023-11-22,49
2023-11-23,39
2023-11-24,44
2023-11-25,38
2023-11-26,38
2023-11-27,40
2023-11-28,44
2023-11-29,44
2023-11-30,42
2023-12-01,45
2023-12-02,46
2023-12-03,49
2023-12-04,91
2023-12-05,90
2023-12-06,87
2023-12-07,67
2023-12-08,63
2023-12-09,57
2023-12-10,49
2023-12-11,69
2023-12-12,55
2023-12-13,56
2023-12-14,58
2023-12-15,50
2023-12-16,43
2023-12-17,42
2023-12-18,48
2023-12-19,50
2023-12-20,58
2023-12-21,56
2023-12-22,56
2023-12-23,47
2023-12-24,42
2023-12-25,43
2023-12-26,54
2023-12-27,54
2023-12-28,53
2023-12-29,50
2023-12-30,41
2023-12-31,37
2024-01-01,22
2024-01-02,38
2024-01-03,38
2024-01-04,32
2024-01-05,31
2024-01-06,25
2024-01-07,23
2024-01-08,42
2024-01-09,48
2024-01-10,77
2024-01-11,80
2024-01-12,48
2024-01-13,34
2024-01-14,25
2024-01-15,28
2024-01-16,27
2024-01-17,27
2024-01-18,27
2024-01-19,26
2024-01-20,21
2024-01-21,18
2024-01-22,26
2024-01-23,28
2024-01-24,25
2024-01-25,21
2024-01-26,23
2024-01-27,17
2024-01-28,16
2024-01-29,21
2024-01-30,22
2024-01-31,20
2024-02-01,18
2024-02-02,18
2024-02-03,16
2024-02-04,16
2024-02-05,17
2024-02-06,17
2024-02-07,18
2024-02-08,23
2024-02-09,26
2024-02-10,23
2024-02-11,23
2024-02-12,32
2024-02-13,34
2024-02-14,37
2024-02-15,38
2024-02-16,31
2024-02-17,25
2024-02-18,24
2024-02-19,27
2024-02-20,28
2024-02-21,26
2024-02-22,25
2024-02-23,23
2024-02-24,20
2024-02-25,22
2024-02-26,31
2024-02-27,51
2024-02-28,84
2024-02-29,72
2024-03-01,50
2024-03-02,42
2024-03-03,39
2024-03-04,80
2024-03-05,100
2024-03-06,64
2024-03-07,53
2024-03-08,56
2024-03-09,44
2024-03-10,45
2024-03-11,73
2024-03-12,64
2024-03-13,61
2024-03-14,53
2024-03-15,55
2024-03-16,40
2024-03-17,39
2024-03-18,43
2024-03-19,49
2024-03-20,50
2024-03-21,39
2024-03-22,36
2024-03-23,29
2024-03-24,30
2024-03-25,41
2024-03-26,39
2024-03-27,37
2024-03-28,38
2024-03-29,34
2024-03-30,29
2024-03-31,30
2024-04-01,37
2024-04-02,39
2024-04-03,34
2024-04-04,32
2024-04-05,30
2024-04-06,23
2024-04-07,28
2024-04-08,35
2024-04-09,34
2024-04-10,33
2024-04-11,32
2024-04-12,33
2024-04-13,39
2024-04-14,44
2024-04-15,42
2024-04-16,37
2024-04-17,39
2024-04-18,41
2024-04-19,58
2024-04-20,54
2024-04-21,34
2024-04-22,37
2024-04-23,31
2024-04-24,29
2024-04-25,28
2024-04-26,24
2024-04-27,21
2024-04-28,21
2024-04-29,25
2024-04-30,32
2024-05-01,36
2024-05-02,30
2024-05-03,28
2024-05-04,23
2024-05-05,22
2024-05-06,26
2024-05-07,25
2024-05-08,22
2024-05-09,23
2024-05-10,23
2024-05-11,19
2024-05-12,18
2024-05-13,24
2024-05-14,23
2024-05-15,27
2024-05-16,27
2024-05-17,24
2024-05-18,19
2024-05-19,19
2024-05-20,28
2024-05-21,35
2024-05-22,29
2024-05-23,27
2024-05-24,25
2024-05-25,18
2024-05-26,18
2024-05-27,22
2024-05-28,23
2024-05-29,22
2024-05-30,23
2024-05-31,20
2024-06-01,17
2024-06-02,15
2024-06-03,24
2024-06-04,25
2024-06-05,30
2024-06-06,27
2024-06-07,25
2024-06-08,19
2024-06-09,18
2024-06-10,23
2024-06-11,26
2024-06-12,25
2024-06-13,22
2024-06-14,22
2024-06-15,16
2024-06-16,16
2024-06-17,21
2024-06-18,23
2024-06-19,21
2024-06-20,22
2024-06-21,21
2024-06-22,15
2024-06-23,15
2024-06-24,29
2024-06-25,24
2024-06-26,21
2024-06-27,20
2024-06-28,20
2024-06-29,14
2024-06-30,15
2024-07-01,16
2024-07-02,15
2024-07-03,18
2024-07-04,21
2024-07-05,29
2024-07-06,19
2024-07-07,17
2024-07-08,22
2024-07-09,19
2024-07-10,18
2024-07-11,19
2024-07-12,16
2024-07-13,13
2024-07-14,17
2024-07-15,24
2024-07-16,22
2024-07-17,22
2024-07-18,19
2024-07-19,21
2024-07-20,17
2024-07-21,19
2024-07-22,22
2024-07-23,20
2024-07-24,19
2024-07-25,21
2024-07-26,22
2024-07-27,30
2024-07-28,25
2024-07-29,26
2024-07-30,21
2024-07-31,19
2024-08-01,20
2024-08-02,20
2024-08-03,18
2024-08-04,20
2024-08-05,65
2024-08-06,33
2024-08-07,25
2024-08-08,24
2024-08-09,22
2024-08-10,16
2024-08-11,17
2024-08-12,20
2024-08-13,19
2024-08-14,20
2024-08-15,20
2024-08-16,18
2024-08-17,13
2024-08-18,14
2024-08-19,17
2024-08-20,19
2024-08-21,17
2024-08-22,17
2024-08-23,19
2024-08-24,17
2024-08-25,16
2024-08-26,17
2024-08-27,18
2024-08-28,18
2024-08-29,16
2024-08-30,15
2024-08-31,12
2024-09-01,12
2024-09-02,15
2024-09-03,17
2024-09-04,17
2024-09-05,16
2024-09-06,18
2024-09-07,13
2024-09-08,13
2024-09-09,17
2024-09-10,15
2024-09-11,16
2024-09-12,15
2024-09-13,16
2024-09-14,13
2024-09-15,12
2024-09-16,14
2024-09-17,17
2024-09-18,18
2024-09-19,21
2024-09-20,19
2024-09-21,13
2024-09-22,14
2024-09-23,16
2024-09-24,15
2024-09-25,16
2024-09-26,17
2024-09-27,18
2024-09-28,14
2024-09-29,13
2024-09-30,16
2024-10-01,16
2024-10-02,15
2024-10-03,16
2024-10-04,15
2024-10-05,12
2024-10-06,12
2024-10-07,16
2024-10-08,14
2024-10-09,16
2024-10-10,15
2024-10-11,15
2024-10-12,11
2024-10-13,10
2024-10-14,16
2024-10-15,16
2024-10-16,17
2024-10-17,14
2024-10-18,17
2024-10-19,12
2024-10-20,13
2024-10-21,16
2024-10-22,15
2024-10-23,15
2024-10-24,17
2024-10-25,16
2024-10-26,12
2024-10-27,13
2024-10-28,18
2024-10-29,32
2024-10-30,23
2024-10-31,20
2024-11-01,19
2024-11-02,13
2024-11-03,13
2024-11-04,16
2024-11-05,18
2024-11-06,57
2024-11-07,40
2024-11-08,34
2024-11-09,26
2024-11-10,47
2024-11-11,83
2024-11-12,82
2024-11-13,86
2024-11-14,66
2024-11-15,49
2024-11-16,36
2024-11-17,32
2024-11-18,41
2024-11-19,44
2024-11-20,48
2024-11-21,79
2024-11-22,76
2024-11-23,54
2024-11-24,44
2024-11-25,51
2024-11-26,48
2024-11-27,47
2024-11-28,34
2024-11-29,39
2024-11-30,30
2024-12-01,30
2024-12-02,41
2024-12-03,34
2024-12-04,38
2024-12-05,100
2024-12-06,62
2024-12-07,42
2024-12-08,36
2024-12-09,41
2024-12-10,45
2024-12-11,43
2024-12-12,39
2024-12-13,33
2024-12-14,29
2024-12-15,33
2024-12-16,51
2024-12-17,46
2024-12-18,46
2024-12-19,47
2024-12-20,47
2024-12-21,31
2024-12-22,28
2024-12-23,35
2024-12-24,34
2024-12-25,31
2024-12-26,34
2024-12-27,32
2024-12-28,25
2024-12-29,25
2024-12-30,34
2024-12-31,29
2025-01-01,46
2025-01-02,56
2025-01-03,52
2025-01-04,45
2025-01-05,43
2025-01-06,57
2025-01-07,60
2025-01-08,54
2025-01-09,56
2025-01-10,55
2025-01-11,40
2025-01-12,40
2025-01-13,57
2025-01-14,51
2025-01-15,55
2025-01-16,60
2025-01-17,69
2025-01-18,57
2025-01-19,62
2025-01-20,100
2025-01-21,89
2025-01-22,71
2025-01-23,79
2025-01-24,71
2025-01-25,51
2025-01-26,49
2025-01-27,70
2025-01-28,61
2025-01-29,52
2025-01-30,53
2025-01-31,54
2025-02-01,43
2025-02-02,60
2025-02-03,92
2025-02-04,63
2025-02-05,54
2025-02-06,50
2025-02-07,49
2025-02-08,39
2025-02-09,39
2025-02-10,41
2025-02-11,41
2025-02-12,43
2025-02-13,39
2025-02-14,44
2025-02-15,34
2025-02-16,34
2025-02-17,38
2025-02-18,45
2025-02-19,40
2025-02-20,40
2025-02-21,45
2025-02-22,35
2025-02-23,33
2025-02-24,44
2025-02-25,82
2025-02-26,67
2025-02-27,68
2025-02-28,86
2025-03-01,50
2025-03-02,73
2025-03-03,92
2025-03-04,82
2025-03-05,63
2025-03-06,59
2025-03-07,84
2025-03-08,52
2025-03-09,51
2025-03-10,86
2025-03-11,81
2025-03-12,61
2025-03-13,56
2025-03-14,51
2025-03-15,41
2025-03-16,47
2025-03-17,47
2025-03-18,44
2025-03-19,46
2025-03-20,43
2025-03-21,36
2025-03-22,30
2025-03-23,33
2025-03-24,44
2025-03-25,43
2025-03-26,43
2025-03-27,36
2025-03-28,39
2025-03-29,31
2025-03-30,34
2025-03-31,45
2025-04-01,36
2025-04-02,40
2025-04-03,57
2025-04-04,58
2025-04-05,40
2025-04-06,53
2025-04-07,82
2025-04-08,61
2025-04-09,70
2025-04-10,53
2025-04-11,44
2025-04-12,39
2025-04-13,38
2025-04-14,41
2025-04-15,39
2025-04-16,37
2025-04-17,35
2025-04-18,32
2025-04-19,27
2025-04-20,30
2025-04-21,50
2025-04-22,52
2025-04-23,51
2025-04-24,42
2025-04-25,42
2025-04-26,33
2025-04-27,34
2025-04-28,42
2025-04-29,41
Giorno,Bitcoin: (Stati Uniti)
